SEQNO,SYSID,JOBNAME,MSGID,TIMESTMP,USERID,TEXT,LABEL
1,MVSF,USER325,IEF403I,09.50.16,OPSS,-WTO2,normal
2,MVSF,OPSS,EZZ6034E,09.02.02,OPSS,ERROR: Job STEP1 ABEND RC=16 - URGENT,critical
3,MVSF,PM0,IEF196I,09.44.21,SYSOP,EZZ6034I TN3270 CONN 000585F0 LU MULTIPLE CONN DROP  ERR 4014,normal
4,MVSF,PM0,IEF403I,09.28.51,USER325M,OPS TRAINING: NORMAL MSG 1 - SYSTEM OK,normal
5,MVSF,USER325M,IEF403I,09.06.36,USER325M,OPS TRAINING: NORMAL MSG 2 - JUST CHECKING IN,normal
6,MVSF,USER325M,IEF196I,09.05.22,SYSOP,IP..PORT: 66.167.166.156..8996,normal
7,MVSF,OPSS,IEF403I,09.45.08,USER325,-WTO2,normal
8,MVSF,USER325M,PREFIX,09.18.58,START1,-WTO4,normal
9,MVSF,PM0,IEF403I,09.18.13,OPSS,"SE '09.01.46 JOB03273 $HASP165 USER325M ENDED AT MVSF MAXCC=0000',LOGON",normal
10,MVSF,USER325M,EZZ6034I,09.25.54,USER325M,-WTO2,normal
11,MVSF,JES2,PMO396I,09.52.27,OPSS,-WTO2,normal
12,MVSF,OPSS,IEF403I,09.14.24,SYSOP,$HASP395 USER325M ENDED - RC=0000,normal
13,MVSF,PM0,EZZ6034I,09.31.19,USER325,IP..PORT: 66.167.166.156..8996,normal
14,MVSF,PM0,PMO396I,09.39.54,START1,EZZ6034I TN3270 CONN 000585F0 LU MULTIPLE CONN DROP  ERR 4014,normal
15,MVSF,OPSS,IEF285I,09.51.35,OPSS,-WTO1,normal
16,MVSF,USER325M,IEF285I,09.26.03,SYSOP,$HASP395 USER325M ENDED - RC=0000,normal
17,MVSF,PM0,PMO396I,09.36.39,USER325M,OPS TRAINING: NORMAL MSG 1 - SYSTEM OK,normal
18,MVSF,USER325M,IEF403I,09.00.13,USER325M,$HASP395 USER325M ENDED - RC=0000,normal
19,MVSF,USER325,EZZ6034E,09.25.31,USER325,CRITICAL: DB connection FAILED on DB2 - RETURN CODE 100,critical
20,MVSF,USER325M,EZZ6034E,09.01.19,OPSS,ERROR: Job STEP1 ABEND RC=16 - URGENT,critical
21,MVSF,USER325,CRIT1000,09.59.56,SYSOP,OPS TRAINING: CRITICAL - USER NEEDS A BREAK,critical
22,MVSF,USER325,PMO388I,09.45.02,START1,OPS TRAINING: NORMAL MSG 2 - JUST CHECKING IN,normal
23,MVSF,START1,PMO396I,09.51.33,USER325,$HASP395 USER325M ENDED - RC=0000,normal
24,MVSF,START1,EZZ6034I,09.30.49,OPSS,"SE '09.01.46 JOB03273 $HASP165 USER325M ENDED AT MVSF MAXCC=0000',LOGON",normal
25,MVSF,START1,IEF196I,09.15.02,OPSS,EZZ6034I TN3270 CONN 000585F0 LU MULTIPLE CONN DROP  ERR 4014,normal
26,MVSF,JES2,IEF285I,09.22.33,OPSS,OPS TRAINING: NORMAL MSG 2 - JUST CHECKING IN,normal
27,MVSF,START1,IEF403I,09.09.01,SYSOP,IP..PORT: 66.167.166.156..8996,normal
28,MVSF,OPSS,PMO388I,09.06.37,START1,$HASP395 USER325M ENDED - RC=0000,normal
29,MVSF,OPSS,EZZ6034I,09.27.29,USER325M,OPS TRAINING: NORMAL MSG 1 - SYSTEM OK,normal
30,MVSF,USER325,IEF285I,09.28.48,USER325,-WTO2,normal
31,MVSF,OPSS,IEF196I,09.44.31,SYSOP,IP..PORT: 66.167.166.156..8996,normal
32,MVSF,USER325M,PREFIX,09.33.09,START1,-WTO4,normal
33,MVSF,OPSS,IEF196I,09.26.39,USER325M,-WTO1,normal
34,MVSF,USER325,CRIT1000,09.12.57,USER325M,ALERT: Disk usage at 95% - action required,critical
35,MVSF,PM0,EZZ6034I,09.21.24,OPSS,EZZ6034I TN3270 CONN 000585F0 LU MULTIPLE CONN DROP  ERR 4014,normal
36,MVSF,START1,PMO396I,09.05.28,USER325,-WTO1,normal
37,MVSF,OPSS,IEF196I,09.38.53,USER325,-WTO2,normal
38,MVSF,CONSOLE,IEF196I,09.13.56,USER325M,$HASP395 USER325M ENDED - RC=0000,normal
39,MVSF,CONSOLE,EZZ6034I,09.51.19,OPSS,-STEPEND,normal
40,MVSF,START1,PMO396I,09.14.33,SYSOP,OPS TRAINING: NORMAL MSG 2 - JUST CHECKING IN,normal
41,MVSF,CONSOLE,IEF403I,09.19.27,USER325,OPS TRAINING: NORMAL MSG 2 - JUST CHECKING IN,normal
42,MVSF,PM0,IEF403I,09.55.46,SYSOP,EZZ6034I TN3270 CONN 000585F0 LU MULTIPLE CONN DROP  ERR 4014,normal
43,MVSF,OPSS,IEF285I,09.50.40,SYSOP,-STEPEND,normal
44,MVSF,PM0,IEF285I,09.43.17,USER325M,"SE '09.01.46 JOB03273 $HASP165 USER325M ENDED AT MVSF MAXCC=0000',LOGON",normal
45,MVSF,JES2,IEF196I,09.18.53,OPSS,OPS TRAINING: NORMAL MSG 2 - JUST CHECKING IN,normal
46,MVSF,START1,CRIT1000,09.48.10,START1,OPS TRAINING: CRITICAL - USER NEEDS A BREAK,critical
47,MVSF,START1,IEF196I,09.02.27,USER325M,OPS TRAINING: NORMAL MSG 2 - JUST CHECKING IN,normal
48,MVSF,CONSOLE,IEF285I,09.54.20,OPSS,OPS TRAINING: NORMAL MSG 1 - SYSTEM OK,normal
49,MVSF,JES2,IEF285I,09.38.13,START1,OPS TRAINING: NORMAL MSG 2 - JUST CHECKING IN,normal
50,MVSF,USER325M,DBSERR01,09.01.41,USER325,OPS TRAINING: CRITICAL - USER NEEDS A BREAK,critical
51,MVSF,USER325,PMO388I,09.53.45,OPSS,-WTO2,normal
52,MVSF,JES2,PMO388I,09.31.25,USER325M,-WTO2,normal
53,MVSF,PM0,DBSERR01,09.13.11,START1,OPS TRAINING: CRITICAL - USER NEEDS A BREAK,critical
54,MVSF,PM0,CRIT1000,09.57.35,SYSOP,CRITICAL: DB connection FAILED on DB2 - RETURN CODE 100,critical
55,MVSF,OPSS,IEF403I,09.07.24,SYSOP,-WTO1,normal
56,MVSF,USER325M,CRIT1000,09.39.21,USER325,ALERT: Disk usage at 95% - action required,critical
57,MVSF,CONSOLE,EZZ6034E,09.29.26,OPSS,ERROR: Job STEP1 ABEND RC=16 - URGENT,critical
58,MVSF,PM0,PREFIX,09.20.30,SYSOP,-WTOR1,normal
59,MVSF,USER325,PMO388I,09.28.42,START1,-STEPEND,normal
60,MVSF,START1,PREFIX,09.56.54,OPSS,-WTOR1,normal
61,MVSF,USER325M,PMO396I,09.30.11,USER325,"SE '09.01.46 JOB03273 $HASP165 USER325M ENDED AT MVSF MAXCC=0000',LOGON",normal
62,MVSF,START1,DBSERR01,09.45.19,SYSOP,OPS TRAINING: CRITICAL - COFFEE LEVEL LOW,critical
63,MVSF,JES2,DBSERR01,09.13.35,USER325,CRITICAL: DB connection FAILED on DB2 - RETURN CODE 100,critical
64,MVSF,USER325M,PMO388I,09.42.59,SYSOP,OPS TRAINING: NORMAL MSG 2 - JUST CHECKING IN,normal
65,MVSF,USER325M,EZZ6034I,09.16.39,USER325,$HASP395 USER325M ENDED - RC=0000,normal
66,MVSF,USER325,IEF196I,09.54.53,SYSOP,$HASP395 USER325M ENDED - RC=0000,normal
67,MVSF,JES2,IEF196I,09.31.43,SYSOP,IP..PORT: 66.167.166.156..8996,normal
68,MVSF,JES2,PMO388I,09.37.24,START1,EZZ6034I TN3270 CONN 000585F0 LU MULTIPLE CONN DROP  ERR 4014,normal
69,MVSF,JES2,ERR4014,09.16.52,USER325M,ALERT: Disk usage at 95% - action required,critical
70,MVSF,USER325M,EZZ6034I,09.05.17,USER325M,-WTO2,normal
71,MVSF,USER325,PMO396I,09.15.47,START1,OPS TRAINING: NORMAL MSG 2 - JUST CHECKING IN,normal
72,MVSF,CONSOLE,EZZ6034E,09.37.02,START1,ALERT: Disk usage at 95% - action required,critical
73,MVSF,JES2,PMO388I,09.52.15,SYSOP,$HASP395 USER325M ENDED - RC=0000,normal
74,MVSF,JES2,IEF403I,09.57.03,START1,-STEPEND,normal
75,MVSF,CONSOLE,DBSERR01,09.29.45,START1,ALERT: Disk usage at 95% - action required,critical
76,MVSF,JES2,EZZ6034I,09.31.54,USER325,$HASP395 USER325M ENDED - RC=0000,normal
77,MVSF,START1,PREFIX,09.38.31,OPSS,-WTO3,normal
78,MVSF,CONSOLE,PMO388I,09.25.52,USER325M,-WTO1,normal
79,MVSF,CONSOLE,IEF403I,09.51.20,START1,"SE '09.01.46 JOB03273 $HASP165 USER325M ENDED AT MVSF MAXCC=0000',LOGON",normal
80,MVSF,CONSOLE,IEF196I,09.15.18,OPSS,EZZ6034I TN3270 CONN 000585F0 LU MULTIPLE CONN DROP  ERR 4014,normal
81,MVSF,JES2,IEF196I,09.01.23,SYSOP,-WTO2,normal
82,MVSF,USER325M,EZZ6034I,09.47.45,USER325M,OPS TRAINING: NORMAL MSG 2 - JUST CHECKING IN,normal
83,MVSF,CONSOLE,PMO396I,09.07.22,SYSOP,OPS TRAINING: NORMAL MSG 2 - JUST CHECKING IN,normal
84,MVSF,PM0,EZZ6034I,09.13.32,OPSS,$HASP395 USER325M ENDED - RC=0000,normal
85,MVSF,PM0,EZZ6034I,09.52.44,USER325M,-WTO2,normal
86,MVSF,START1,IEF196I,09.29.14,USER325M,OPS TRAINING: NORMAL MSG 1 - SYSTEM OK,normal
87,MVSF,OPSS,IEF196I,09.29.35,USER325M,$HASP395 USER325M ENDED - RC=0000,normal
88,MVSF,USER325,PMO388I,09.50.05,SYSOP,-WTO1,normal
89,MVSF,USER325M,PMO396I,09.56.22,SYSOP,IP..PORT: 66.167.166.156..8996,normal
90,MVSF,USER325,EZZ6034E,09.51.13,START1,CRITICAL: DB connection FAILED on DB2 - RETURN CODE 100,critical
91,MVSF,JES2,IEF403I,09.22.11,USER325,OPS TRAINING: NORMAL MSG 1 - SYSTEM OK,normal
92,MVSF,START1,IEF403I,09.47.52,USER325M,"SE '09.01.46 JOB03273 $HASP165 USER325M ENDED AT MVSF MAXCC=0000',LOGON",normal
93,MVSF,PM0,IEF285I,09.27.44,START1,OPS TRAINING: NORMAL MSG 2 - JUST CHECKING IN,normal
94,MVSF,JES2,PMO388I,09.01.10,OPSS,IP..PORT: 66.167.166.156..8996,normal
95,MVSF,USER325M,IEF285I,09.37.47,SYSOP,-STEPEND,normal
96,MVSF,PM0,PREFIX,09.30.58,USER325M,-WTOR1,normal
97,MVSF,OPSS,EZZ6034I,09.50.42,SYSOP,-WTO2,normal
98,MVSF,CONSOLE,IEF285I,09.49.27,SYSOP,-WTO2,normal
99,MVSF,CONSOLE,IEF403I,09.15.31,USER325M,OPS TRAINING: NORMAL MSG 2 - JUST CHECKING IN,normal
100,MVSF,OPSS,PMO396I,09.03.43,SYSOP,-WTO1,normal
101,MVSF,JES2,PREFIX,09.00.50,SYSOP,-WTOR2,normal
102,MVSF,CONSOLE,IEF403I,09.58.49,START1,-WTO1,normal
103,MVSF,USER325,PMO388I,09.10.11,SYSOP,OPS TRAINING: NORMAL MSG 2 - JUST CHECKING IN,normal
104,MVSF,OPSS,PREFIX,09.38.05,START1,-WTO3,normal
105,MVSF,USER325M,DBSERR01,09.30.13,USER325M,ERROR: Job STEP1 ABEND RC=16 - URGENT,critical
106,MVSF,START1,PREFIX,09.50.31,OPSS,-WTOR1,normal
107,MVSF,USER325,IEF285I,09.16.22,USER325,-STEPEND,normal
108,MVSF,CONSOLE,PMO388I,09.02.13,USER325,IP..PORT: 66.167.166.156..8996,normal
109,MVSF,CONSOLE,PMO388I,09.53.46,SYSOP,OPS TRAINING: NORMAL MSG 2 - JUST CHECKING IN,normal
110,MVSF,START1,PREFIX,09.15.20,USER325,-WTOR2,normal
111,MVSF,JES2,EZZ6034E,09.20.59,SYSOP,OPS TRAINING: CRITICAL - COFFEE LEVEL LOW,critical
112,MVSF,USER325M,IEF403I,09.47.00,USER325M,IP..PORT: 66.167.166.156..8996,normal
113,MVSF,OPSS,PREFIX,09.40.49,OPSS,-WTOR2,normal
114,MVSF,USER325,CRIT1000,09.46.01,SYSOP,OPS TRAINING: CRITICAL - COFFEE LEVEL LOW,critical
115,MVSF,JES2,EZZ6034I,09.51.37,USER325,-STEPEND,normal
116,MVSF,PM0,IEF403I,09.55.35,START1,-WTO1,normal
117,MVSF,PM0,PMO388I,09.07.08,USER325,"SE '09.01.46 JOB03273 $HASP165 USER325M ENDED AT MVSF MAXCC=0000',LOGON",normal
118,MVSF,USER325M,IEF403I,09.06.00,USER325M,$HASP395 USER325M ENDED - RC=0000,normal
119,MVSF,PM0,PMO388I,09.59.20,SYSOP,EZZ6034I TN3270 CONN 000585F0 LU MULTIPLE CONN DROP  ERR 4014,normal
120,MVSF,PM0,PMO396I,09.30.10,OPSS,"SE '09.01.46 JOB03273 $HASP165 USER325M ENDED AT MVSF MAXCC=0000',LOGON",normal
121,MVSF,OPSS,IEF403I,09.01.58,SYSOP,IP..PORT: 66.167.166.156..8996,normal
122,MVSF,START1,CRIT1000,09.27.51,OPSS,ERROR: Job STEP1 ABEND RC=16 - URGENT,critical
123,MVSF,PM0,EZZ6034E,09.56.48,USER325,ALERT: Disk usage at 95% - action required,critical
124,MVSF,USER325M,CRIT1000,09.16.38,START1,ALERT: Disk usage at 95% - action required,critical
125,MVSF,JES2,PMO396I,09.04.45,USER325M,EZZ6034I TN3270 CONN 000585F0 LU MULTIPLE CONN DROP  ERR 4014,normal
126,MVSF,JES2,CRIT1000,09.00.10,USER325M,ERROR: Job STEP1 ABEND RC=16 - URGENT,critical
127,MVSF,START1,ERR4014,09.33.03,USER325M,OPS TRAINING: CRITICAL - USER NEEDS A BREAK,critical
128,MVSF,JES2,ERR4014,09.12.52,USER325,ALERT: Disk usage at 95% - action required,critical
129,MVSF,PM0,PMO388I,09.32.17,START1,OPS TRAINING: NORMAL MSG 1 - SYSTEM OK,normal
130,MVSF,OPSS,EZZ6034I,09.08.37,SYSOP,-WTO1,normal
131,MVSF,START1,IEF196I,09.31.11,OPSS,IP..PORT: 66.167.166.156..8996,normal
132,MVSF,USER325M,EZZ6034I,09.53.21,USER325M,-WTO1,normal
133,MVSF,JES2,EZZ6034I,09.46.02,SYSOP,OPS TRAINING: NORMAL MSG 2 - JUST CHECKING IN,normal
134,MVSF,START1,EZZ6034I,09.04.40,USER325,IP..PORT: 66.167.166.156..8996,normal
135,MVSF,USER325M,PREFIX,09.06.43,OPSS,-WTO4,normal
136,MVSF,JES2,IEF196I,09.03.49,USER325M,OPS TRAINING: NORMAL MSG 1 - SYSTEM OK,normal
137,MVSF,START1,IEF285I,09.46.32,USER325,EZZ6034I TN3270 CONN 000585F0 LU MULTIPLE CONN DROP  ERR 4014,normal
138,MVSF,START1,PMO388I,09.09.46,USER325,-WTO2,normal
139,MVSF,CONSOLE,IEF403I,09.46.15,SYSOP,OPS TRAINING: NORMAL MSG 1 - SYSTEM OK,normal
140,MVSF,PM0,IEF403I,09.17.04,START1,-STEPEND,normal
141,MVSF,USER325,PMO388I,09.26.02,SYSOP,IP..PORT: 66.167.166.156..8996,normal
142,MVSF,JES2,EZZ6034I,09.44.56,START1,-STEPEND,normal
143,MVSF,JES2,EZZ6034I,09.19.32,USER325,OPS TRAINING: NORMAL MSG 1 - SYSTEM OK,normal
144,MVSF,PM0,EZZ6034I,09.51.34,USER325,-WTO2,normal
145,MVSF,JES2,PREFIX,09.30.05,OPSS,-WTO3,normal
146,MVSF,PM0,EZZ6034E,09.28.21,USER325,CRITICAL: DB connection FAILED on DB2 - RETURN CODE 100,critical
147,MVSF,JES2,CRIT1000,09.11.13,USER325M,ERROR: Job STEP1 ABEND RC=16 - URGENT,critical
148,MVSF,JES2,PREFIX,09.07.51,START1,-WTOR1,normal
149,MVSF,OPSS,IEF285I,09.53.58,START1,$HASP395 USER325M ENDED - RC=0000,normal
150,MVSF,START1,PMO388I,09.26.00,USER325M,"SE '09.01.46 JOB03273 $HASP165 USER325M ENDED AT MVSF MAXCC=0000',LOGON",normal
151,MVSF,START1,IEF285I,09.38.19,USER325M,IP..PORT: 66.167.166.156..8996,normal
152,MVSF,PM0,IEF196I,09.27.52,OPSS,IP..PORT: 66.167.166.156..8996,normal
153,MVSF,OPSS,PREFIX,09.06.38,USER325,-WTOR1,normal
154,MVSF,START1,PMO388I,09.50.40,USER325,"SE '09.01.46 JOB03273 $HASP165 USER325M ENDED AT MVSF MAXCC=0000',LOGON",normal
155,MVSF,OPSS,PMO388I,09.47.07,USER325M,$HASP395 USER325M ENDED - RC=0000,normal
156,MVSF,PM0,IEF285I,09.25.04,SYSOP,"SE '09.01.46 JOB03273 $HASP165 USER325M ENDED AT MVSF MAXCC=0000',LOGON",normal
157,MVSF,USER325,IEF196I,09.08.20,START1,$HASP395 USER325M ENDED - RC=0000,normal
158,MVSF,JES2,EZZ6034I,09.22.46,USER325,OPS TRAINING: NORMAL MSG 1 - SYSTEM OK,normal
159,MVSF,JES2,PREFIX,09.52.14,SYSOP,-WTO4,normal
160,MVSF,JES2,IEF285I,09.40.41,OPSS,"SE '09.01.46 JOB03273 $HASP165 USER325M ENDED AT MVSF MAXCC=0000',LOGON",normal
161,MVSF,JES2,PREFIX,09.11.54,OPSS,-WTO4,normal
162,MVSF,START1,IEF196I,09.22.06,OPSS,"SE '09.01.46 JOB03273 $HASP165 USER325M ENDED AT MVSF MAXCC=0000',LOGON",normal
163,MVSF,PM0,EZZ6034I,09.04.20,START1,$HASP395 USER325M ENDED - RC=0000,normal
164,MVSF,START1,PMO396I,09.15.07,SYSOP,OPS TRAINING: NORMAL MSG 2 - JUST CHECKING IN,normal
165,MVSF,OPSS,CRIT1000,09.32.41,START1,ALERT: Disk usage at 95% - action required,critical
166,MVSF,OPSS,IEF196I,09.05.30,USER325M,IP..PORT: 66.167.166.156..8996,normal
167,MVSF,USER325M,IEF403I,09.40.46,SYSOP,EZZ6034I TN3270 CONN 000585F0 LU MULTIPLE CONN DROP  ERR 4014,normal
168,MVSF,JES2,PMO388I,09.44.41,SYSOP,OPS TRAINING: NORMAL MSG 2 - JUST CHECKING IN,normal
169,MVSF,CONSOLE,PMO388I,09.56.29,START1,-WTO2,normal
170,MVSF,PM0,CRIT1000,09.17.24,USER325M,ALERT: Disk usage at 95% - action required,critical
171,MVSF,JES2,PMO388I,09.05.49,OPSS,OPS TRAINING: NORMAL MSG 2 - JUST CHECKING IN,normal
172,MVSF,START1,CRIT1000,09.38.20,SYSOP,OPS TRAINING: CRITICAL - USER NEEDS A BREAK,critical
173,MVSF,CONSOLE,IEF403I,09.40.59,USER325M,$HASP395 USER325M ENDED - RC=0000,normal
174,MVSF,USER325,IEF285I,09.57.50,OPSS,-WTO1,normal
175,MVSF,JES2,IEF196I,09.29.17,SYSOP,-STEPEND,normal
176,MVSF,OPSS,EZZ6034E,09.12.18,USER325M,ERROR: Job STEP1 ABEND RC=16 - URGENT,critical
177,MVSF,USER325,IEF403I,09.59.22,USER325,"SE '09.01.46 JOB03273 $HASP165 USER325M ENDED AT MVSF MAXCC=0000',LOGON",normal
178,MVSF,PM0,IEF285I,09.36.12,USER325,OPS TRAINING: NORMAL MSG 1 - SYSTEM OK,normal
179,MVSF,PM0,IEF285I,09.22.08,SYSOP,"SE '09.01.46 JOB03273 $HASP165 USER325M ENDED AT MVSF MAXCC=0000',LOGON",normal
180,MVSF,PM0,DBSERR01,09.05.34,USER325M,OPS TRAINING: CRITICAL - USER NEEDS A BREAK,critical
181,MVSF,CONSOLE,PMO396I,09.14.42,SYSOP,IP..PORT: 66.167.166.156..8996,normal
182,MVSF,OPSS,IEF403I,09.15.03,START1,IP..PORT: 66.167.166.156..8996,normal
183,MVSF,USER325,PREFIX,09.20.34,USER325,-WTO3,normal
184,MVSF,OPSS,CRIT1000,09.33.57,START1,CRITICAL: DB connection FAILED on DB2 - RETURN CODE 100,critical
185,MVSF,OPSS,EZZ6034I,09.27.06,OPSS,-WTO2,normal
186,MVSF,START1,IEF196I,09.27.36,START1,"SE '09.01.46 JOB03273 $HASP165 USER325M ENDED AT MVSF MAXCC=0000',LOGON",normal
187,MVSF,JES2,IEF403I,09.47.04,USER325M,-WTO1,normal
188,MVSF,START1,DBSERR01,09.05.22,START1,ALERT: Disk usage at 95% - action required,critical
189,MVSF,JES2,CRIT1000,09.11.28,OPSS,OPS TRAINING: CRITICAL - USER NEEDS A BREAK,critical
190,MVSF,CONSOLE,PMO396I,09.49.39,USER325,-WTO2,normal
191,MVSF,JES2,IEF285I,09.51.49,OPSS,-WTO1,normal
192,MVSF,PM0,ERR4014,09.38.32,SYSOP,ALERT: Disk usage at 95% - action required,critical
193,MVSF,USER325M,PREFIX,09.04.39,START1,-WTOR1,normal
194,MVSF,START1,IEF403I,09.05.03,USER325M,OPS TRAINING: NORMAL MSG 1 - SYSTEM OK,normal
195,MVSF,PM0,IEF403I,09.58.59,OPSS,-STEPEND,normal
196,MVSF,USER325M,PMO388I,09.55.17,SYSOP,EZZ6034I TN3270 CONN 000585F0 LU MULTIPLE CONN DROP  ERR 4014,normal
197,MVSF,OPSS,PMO388I,09.30.45,OPSS,EZZ6034I TN3270 CONN 000585F0 LU MULTIPLE CONN DROP  ERR 4014,normal
198,MVSF,OPSS,EZZ6034E,09.16.54,START1,ERROR: Job STEP1 ABEND RC=16 - URGENT,critical
199,MVSF,CONSOLE,PMO396I,09.19.18,START1,-WTO1,normal
200,MVSF,OPSS,PMO396I,09.22.30,OPSS,OPS TRAINING: NORMAL MSG 1 - SYSTEM OK,normal
201,MVSF,OPSS,IEF403I,09.39.46,USER325,-WTO1,normal
202,MVSF,START1,EZZ6034I,09.48.23,OPSS,$HASP395 USER325M ENDED - RC=0000,normal
203,MVSF,PM0,IEF403I,09.45.46,START1,-WTO1,normal
204,MVSF,CONSOLE,IEF403I,09.52.18,START1,-WTO1,normal
205,MVSF,CONSOLE,PREFIX,09.57.38,OPSS,-WTO4,normal
206,MVSF,PM0,EZZ6034I,09.22.59,SYSOP,EZZ6034I TN3270 CONN 000585F0 LU MULTIPLE CONN DROP  ERR 4014,normal
207,MVSF,PM0,IEF285I,09.29.52,OPSS,-WTO1,normal
208,MVSF,JES2,IEF285I,09.51.06,START1,IP..PORT: 66.167.166.156..8996,normal
209,MVSF,PM0,PMO388I,09.38.56,START1,-WTO2,normal
210,MVSF,USER325,PMO388I,09.55.45,USER325,EZZ6034I TN3270 CONN 000585F0 LU MULTIPLE CONN DROP  ERR 4014,normal
211,MVSF,JES2,IEF403I,09.25.20,SYSOP,OPS TRAINING: NORMAL MSG 1 - SYSTEM OK,normal
212,MVSF,JES2,EZZ6034E,09.10.56,USER325M,CRITICAL: DB connection FAILED on DB2 - RETURN CODE 100,critical
213,MVSF,JES2,PMO388I,09.30.47,USER325M,OPS TRAINING: NORMAL MSG 2 - JUST CHECKING IN,normal
214,MVSF,USER325,PMO388I,09.26.21,OPSS,EZZ6034I TN3270 CONN 000585F0 LU MULTIPLE CONN DROP  ERR 4014,normal
215,MVSF,USER325,IEF196I,09.02.36,USER325M,"SE '09.01.46 JOB03273 $HASP165 USER325M ENDED AT MVSF MAXCC=0000',LOGON",normal
216,MVSF,START1,IEF285I,09.00.21,OPSS,IP..PORT: 66.167.166.156..8996,normal
217,MVSF,OPSS,IEF285I,09.52.59,USER325M,EZZ6034I TN3270 CONN 000585F0 LU MULTIPLE CONN DROP  ERR 4014,normal
218,MVSF,USER325M,IEF196I,09.43.37,SYSOP,OPS TRAINING: NORMAL MSG 1 - SYSTEM OK,normal
219,MVSF,PM0,PMO388I,09.35.10,SYSOP,EZZ6034I TN3270 CONN 000585F0 LU MULTIPLE CONN DROP  ERR 4014,normal
220,MVSF,USER325,PMO388I,09.38.57,START1,OPS TRAINING: NORMAL MSG 1 - SYSTEM OK,normal
221,MVSF,START1,PMO396I,09.37.08,SYSOP,"SE '09.01.46 JOB03273 $HASP165 USER325M ENDED AT MVSF MAXCC=0000',LOGON",normal
222,MVSF,OPSS,IEF196I,09.43.23,START1,$HASP395 USER325M ENDED - RC=0000,normal
223,MVSF,CONSOLE,IEF196I,09.16.27,OPSS,"SE '09.01.46 JOB03273 $HASP165 USER325M ENDED AT MVSF MAXCC=0000',LOGON",normal
224,MVSF,CONSOLE,CRIT1000,09.37.16,USER325M,OPS TRAINING: CRITICAL - USER NEEDS A BREAK,critical
225,MVSF,PM0,EZZ6034I,09.12.26,USER325,IP..PORT: 66.167.166.156..8996,normal
226,MVSF,USER325,ERR4014,09.02.59,USER325,OPS TRAINING: CRITICAL - COFFEE LEVEL LOW,critical
227,MVSF,JES2,CRIT1000,09.37.04,START1,CRITICAL: DB connection FAILED on DB2 - RETURN CODE 100,critical
228,MVSF,JES2,DBSERR01,09.53.18,OPSS,CRITICAL: DB connection FAILED on DB2 - RETURN CODE 100,critical
229,MVSF,USER325M,IEF196I,09.50.44,START1,"SE '09.01.46 JOB03273 $HASP165 USER325M ENDED AT MVSF MAXCC=0000',LOGON",normal
230,MVSF,CONSOLE,IEF285I,09.54.25,SYSOP,IP..PORT: 66.167.166.156..8996,normal
231,MVSF,START1,PMO388I,09.56.08,USER325,OPS TRAINING: NORMAL MSG 2 - JUST CHECKING IN,normal
232,MVSF,CONSOLE,IEF196I,09.30.26,SYSOP,"SE '09.01.46 JOB03273 $HASP165 USER325M ENDED AT MVSF MAXCC=0000',LOGON",normal
233,MVSF,OPSS,PMO388I,09.49.37,USER325M,"SE '09.01.46 JOB03273 $HASP165 USER325M ENDED AT MVSF MAXCC=0000',LOGON",normal
234,MVSF,PM0,EZZ6034I,09.43.31,START1,OPS TRAINING: NORMAL MSG 1 - SYSTEM OK,normal
235,MVSF,JES2,DBSERR01,09.41.28,START1,OPS TRAINING: CRITICAL - COFFEE LEVEL LOW,critical
236,MVSF,USER325M,EZZ6034I,09.38.43,OPSS,"SE '09.01.46 JOB03273 $HASP165 USER325M ENDED AT MVSF MAXCC=0000',LOGON",normal
237,MVSF,CONSOLE,EZZ6034I,09.30.18,OPSS,IP..PORT: 66.167.166.156..8996,normal
238,MVSF,USER325,PMO388I,09.07.44,OPSS,"SE '09.01.46 JOB03273 $HASP165 USER325M ENDED AT MVSF MAXCC=0000',LOGON",normal
239,MVSF,CONSOLE,PMO388I,09.52.54,USER325M,EZZ6034I TN3270 CONN 000585F0 LU MULTIPLE CONN DROP  ERR 4014,normal
240,MVSF,USER325,PMO396I,09.08.22,USER325,-STEPEND,normal
241,MVSF,JES2,EZZ6034I,09.46.33,USER325M,IP..PORT: 66.167.166.156..8996,normal
242,MVSF,PM0,CRIT1000,09.48.26,USER325,CRITICAL: DB connection FAILED on DB2 - RETURN CODE 100,critical
243,MVSF,USER325,IEF196I,09.53.57,START1,-WTO2,normal
244,MVSF,START1,IEF403I,09.05.53,OPSS,IP..PORT: 66.167.166.156..8996,normal
245,MVSF,JES2,EZZ6034I,09.27.57,SYSOP,IP..PORT: 66.167.166.156..8996,normal
246,MVSF,USER325M,PREFIX,09.46.25,SYSOP,-WTO3,normal
247,MVSF,USER325M,PMO396I,09.34.19,OPSS,-WTO1,normal
248,MVSF,CONSOLE,IEF403I,09.48.25,USER325,-WTO1,normal
249,MVSF,CONSOLE,PREFIX,09.13.24,SYSOP,-WTOR1,normal
250,MVSF,START1,PMO396I,09.43.45,USER325,EZZ6034I TN3270 CONN 000585F0 LU MULTIPLE CONN DROP  ERR 4014,normal
251,MVSF,JES2,IEF285I,09.58.58,OPSS,"SE '09.01.46 JOB03273 $HASP165 USER325M ENDED AT MVSF MAXCC=0000',LOGON",normal
252,MVSF,JES2,PREFIX,09.39.03,START1,-WTOR1,normal
253,MVSF,PM0,IEF196I,09.20.37,START1,IP..PORT: 66.167.166.156..8996,normal
254,MVSF,OPSS,ERR4014,09.47.00,OPSS,CRITICAL: DB connection FAILED on DB2 - RETURN CODE 100,critical
255,MVSF,START1,PMO388I,09.09.48,USER325M,-WTO2,normal
256,MVSF,JES2,IEF403I,09.25.17,SYSOP,$HASP395 USER325M ENDED - RC=0000,normal
257,MVSF,USER325M,PMO388I,09.16.55,USER325,OPS TRAINING: NORMAL MSG 2 - JUST CHECKING IN,normal
258,MVSF,JES2,PMO388I,09.10.54,USER325M,$HASP395 USER325M ENDED - RC=0000,normal
259,MVSF,JES2,PREFIX,09.10.52,START1,-WTOR1,normal
260,MVSF,OPSS,IEF403I,09.26.50,SYSOP,IP..PORT: 66.167.166.156..8996,normal
261,MVSF,OPSS,PMO396I,09.19.12,START1,"SE '09.01.46 JOB03273 $HASP165 USER325M ENDED AT MVSF MAXCC=0000',LOGON",normal
262,MVSF,JES2,ERR4014,09.07.20,START1,CRITICAL: DB connection FAILED on DB2 - RETURN CODE 100,critical
263,MVSF,OPSS,IEF403I,09.27.20,OPSS,$HASP395 USER325M ENDED - RC=0000,normal
264,MVSF,USER325M,PMO396I,09.34.25,START1,-STEPEND,normal
265,MVSF,OPSS,PMO396I,09.26.53,USER325M,OPS TRAINING: NORMAL MSG 2 - JUST CHECKING IN,normal
266,MVSF,START1,IEF403I,09.34.45,START1,-WTO1,normal
267,MVSF,START1,IEF285I,09.31.11,USER325,"SE '09.01.46 JOB03273 $HASP165 USER325M ENDED AT MVSF MAXCC=0000',LOGON",normal
268,MVSF,USER325M,IEF403I,09.42.05,USER325M,"SE '09.01.46 JOB03273 $HASP165 USER325M ENDED AT MVSF MAXCC=0000',LOGON",normal
269,MVSF,PM0,PMO396I,09.38.25,USER325M,EZZ6034I TN3270 CONN 000585F0 LU MULTIPLE CONN DROP  ERR 4014,normal
270,MVSF,START1,IEF403I,09.21.00,OPSS,OPS TRAINING: NORMAL MSG 2 - JUST CHECKING IN,normal
271,MVSF,START1,EZZ6034I,09.32.47,USER325,-WTO2,normal
272,MVSF,OPSS,ERR4014,09.39.05,OPSS,OPS TRAINING: CRITICAL - USER NEEDS A BREAK,critical
273,MVSF,PM0,PMO388I,09.13.55,START1,-WTO1,normal
274,MVSF,START1,PMO388I,09.14.09,SYSOP,OPS TRAINING: NORMAL MSG 1 - SYSTEM OK,normal
275,MVSF,USER325,PMO396I,09.31.22,SYSOP,$HASP395 USER325M ENDED - RC=0000,normal
276,MVSF,USER325,EZZ6034I,09.16.49,USER325M,-STEPEND,normal
277,MVSF,PM0,IEF403I,09.48.07,START1,-STEPEND,normal
278,MVSF,OPSS,EZZ6034I,09.39.08,SYSOP,-STEPEND,normal
279,MVSF,CONSOLE,PREFIX,09.02.52,USER325M,-WTOR1,normal
280,MVSF,USER325,PMO388I,09.13.47,SYSOP,-STEPEND,normal
281,MVSF,START1,IEF403I,09.50.34,SYSOP,-WTO1,normal
282,MVSF,OPSS,PMO396I,09.06.50,START1,-WTO2,normal
283,MVSF,START1,EZZ6034I,09.10.46,START1,-WTO1,normal
284,MVSF,JES2,ERR4014,09.19.36,USER325M,ALERT: Disk usage at 95% - action required,critical
285,MVSF,USER325,IEF196I,09.28.31,USER325,-WTO2,normal
286,MVSF,PM0,PMO388I,09.59.32,USER325M,IP..PORT: 66.167.166.156..8996,normal
287,MVSF,CONSOLE,PMO396I,09.31.01,SYSOP,OPS TRAINING: NORMAL MSG 2 - JUST CHECKING IN,normal
288,MVSF,CONSOLE,DBSERR01,09.13.09,OPSS,ERROR: Job STEP1 ABEND RC=16 - URGENT,critical
289,MVSF,PM0,CRIT1000,09.23.00,USER325M,OPS TRAINING: CRITICAL - USER NEEDS A BREAK,critical
290,MVSF,JES2,DBSERR01,09.29.11,SYSOP,ERROR: Job STEP1 ABEND RC=16 - URGENT,critical
291,MVSF,USER325M,IEF196I,09.22.05,USER325,-WTO1,normal
292,MVSF,CONSOLE,PMO388I,09.39.45,SYSOP,-STEPEND,normal
293,MVSF,OPSS,EZZ6034I,09.45.35,OPSS,"SE '09.01.46 JOB03273 $HASP165 USER325M ENDED AT MVSF MAXCC=0000',LOGON",normal
294,MVSF,PM0,EZZ6034I,09.08.00,USER325M,EZZ6034I TN3270 CONN 000585F0 LU MULTIPLE CONN DROP  ERR 4014,normal
295,MVSF,USER325M,IEF285I,09.51.02,SYSOP,IP..PORT: 66.167.166.156..8996,normal
296,MVSF,JES2,ERR4014,09.16.53,SYSOP,ERROR: Job STEP1 ABEND RC=16 - URGENT,critical
297,MVSF,OPSS,PMO388I,09.38.30,OPSS,EZZ6034I TN3270 CONN 000585F0 LU MULTIPLE CONN DROP  ERR 4014,normal
298,MVSF,USER325,PMO396I,09.22.23,SYSOP,-WTO2,normal
299,MVSF,OPSS,EZZ6034I,09.34.50,START1,-WTO2,normal
300,MVSF,START1,PMO396I,09.03.56,SYSOP,$HASP395 USER325M ENDED - RC=0000,normal
301,MVSF,JES2,EZZ6034E,09.00.12,USER325,ALERT: Disk usage at 95% - action required,critical
302,MVSF,OPSS,IEF403I,09.32.13,OPSS,OPS TRAINING: NORMAL MSG 2 - JUST CHECKING IN,normal
303,MVSF,USER325M,IEF285I,09.30.37,START1,$HASP395 USER325M ENDED - RC=0000,normal
304,MVSF,PM0,EZZ6034I,09.58.43,USER325M,EZZ6034I TN3270 CONN 000585F0 LU MULTIPLE CONN DROP  ERR 4014,normal
305,MVSF,PM0,PREFIX,09.15.12,OPSS,-WTOR2,normal
306,MVSF,START1,CRIT1000,09.25.53,USER325,ALERT: Disk usage at 95% - action required,critical
307,MVSF,OPSS,IEF403I,09.55.15,START1,-WTO2,normal
308,MVSF,USER325,PREFIX,09.04.35,OPSS,-WTO3,normal
309,MVSF,PM0,EZZ6034I,09.03.01,START1,OPS TRAINING: NORMAL MSG 1 - SYSTEM OK,normal
310,MVSF,USER325,IEF196I,09.55.41,SYSOP,-WTO1,normal
311,MVSF,CONSOLE,EZZ6034I,09.59.49,USER325,"SE '09.01.46 JOB03273 $HASP165 USER325M ENDED AT MVSF MAXCC=0000',LOGON",normal
312,MVSF,OPSS,PMO388I,09.38.00,SYSOP,-STEPEND,normal
313,MVSF,OPSS,PREFIX,09.23.30,START1,-WTOR2,normal
314,MVSF,CONSOLE,PMO388I,09.25.41,USER325,$HASP395 USER325M ENDED - RC=0000,normal
315,MVSF,JES2,IEF285I,09.31.36,OPSS,-STEPEND,normal
316,MVSF,USER325,PREFIX,09.17.24,USER325,-WTO4,normal
317,MVSF,START1,PMO388I,09.49.27,USER325,"SE '09.01.46 JOB03273 $HASP165 USER325M ENDED AT MVSF MAXCC=0000',LOGON",normal
318,MVSF,USER325,PMO396I,09.54.55,SYSOP,OPS TRAINING: NORMAL MSG 1 - SYSTEM OK,normal
319,MVSF,JES2,DBSERR01,09.22.43,USER325M,ALERT: Disk usage at 95% - action required,critical
320,MVSF,USER325,IEF285I,09.47.29,SYSOP,OPS TRAINING: NORMAL MSG 2 - JUST CHECKING IN,normal
321,MVSF,JES2,IEF285I,09.19.19,START1,EZZ6034I TN3270 CONN 000585F0 LU MULTIPLE CONN DROP  ERR 4014,normal
322,MVSF,START1,IEF403I,09.33.56,START1,-STEPEND,normal
323,MVSF,USER325,PREFIX,09.25.18,USER325M,-WTOR2,normal
324,MVSF,OPSS,PMO396I,09.17.48,SYSOP,-WTO2,normal
325,MVSF,USER325,PMO388I,09.22.31,USER325,-STEPEND,normal
326,MVSF,CONSOLE,ERR4014,09.52.06,START1,ERROR: Job STEP1 ABEND RC=16 - URGENT,critical
327,MVSF,PM0,PMO388I,09.54.16,USER325M,IP..PORT: 66.167.166.156..8996,normal
328,MVSF,START1,ERR4014,09.02.18,OPSS,OPS TRAINING: CRITICAL - USER NEEDS A BREAK,critical
329,MVSF,JES2,IEF196I,09.43.03,USER325,$HASP395 USER325M ENDED - RC=0000,normal
330,MVSF,CONSOLE,IEF285I,09.04.07,SYSOP,EZZ6034I TN3270 CONN 000585F0 LU MULTIPLE CONN DROP  ERR 4014,normal
331,MVSF,OPSS,PMO396I,09.00.27,SYSOP,IP..PORT: 66.167.166.156..8996,normal
332,MVSF,OPSS,PMO396I,09.34.17,START1,-STEPEND,normal
333,MVSF,START1,PREFIX,09.10.09,USER325,-WTO3,normal
334,MVSF,OPSS,IEF403I,09.25.28,START1,-STEPEND,normal
335,MVSF,PM0,EZZ6034I,09.56.31,OPSS,-WTO2,normal
336,MVSF,USER325M,EZZ6034E,09.25.44,SYSOP,OPS TRAINING: CRITICAL - COFFEE LEVEL LOW,critical
337,MVSF,USER325M,EZZ6034I,09.57.42,START1,-WTO1,normal
338,MVSF,USER325,IEF196I,09.14.25,SYSOP,EZZ6034I TN3270 CONN 000585F0 LU MULTIPLE CONN DROP  ERR 4014,normal
339,MVSF,USER325,IEF196I,09.58.03,USER325M,-STEPEND,normal
340,MVSF,CONSOLE,IEF285I,09.11.05,SYSOP,$HASP395 USER325M ENDED - RC=0000,normal
341,MVSF,USER325M,PMO388I,09.51.34,USER325,EZZ6034I TN3270 CONN 000585F0 LU MULTIPLE CONN DROP  ERR 4014,normal
342,MVSF,OPSS,IEF196I,09.06.40,START1,EZZ6034I TN3270 CONN 000585F0 LU MULTIPLE CONN DROP  ERR 4014,normal
343,MVSF,OPSS,PMO396I,09.43.17,USER325M,$HASP395 USER325M ENDED - RC=0000,normal
344,MVSF,USER325M,IEF285I,09.12.40,SYSOP,"SE '09.01.46 JOB03273 $HASP165 USER325M ENDED AT MVSF MAXCC=0000',LOGON",normal
345,MVSF,PM0,PMO396I,09.05.01,OPSS,-STEPEND,normal
346,MVSF,CONSOLE,EZZ6034I,09.24.37,OPSS,-WTO1,normal
347,MVSF,JES2,PREFIX,09.18.24,OPSS,-WTOR2,normal
348,MVSF,START1,IEF285I,09.37.52,SYSOP,$HASP395 USER325M ENDED - RC=0000,normal
349,MVSF,START1,IEF403I,09.40.49,USER325M,EZZ6034I TN3270 CONN 000585F0 LU MULTIPLE CONN DROP  ERR 4014,normal
350,MVSF,PM0,PMO388I,09.38.11,USER325,$HASP395 USER325M ENDED - RC=0000,normal
351,MVSF,CONSOLE,PMO388I,09.20.33,USER325M,-WTO1,normal
352,MVSF,CONSOLE,PMO388I,09.33.03,OPSS,-STEPEND,normal
353,MVSF,USER325M,PREFIX,09.07.18,USER325,-WTOR2,normal
354,MVSF,JES2,PREFIX,09.58.51,USER325M,-WTOR1,normal
355,MVSF,CONSOLE,EZZ6034I,09.41.10,USER325,-WTO1,normal
356,MVSF,PM0,PMO388I,09.47.26,START1,"SE '09.01.46 JOB03273 $HASP165 USER325M ENDED AT MVSF MAXCC=0000',LOGON",normal
357,MVSF,JES2,CRIT1000,09.53.38,START1,ALERT: Disk usage at 95% - action required,critical
358,MVSF,PM0,PREFIX,09.52.24,SYSOP,-WTO4,normal
359,MVSF,JES2,DBSERR01,09.47.17,OPSS,ALERT: Disk usage at 95% - action required,critical
360,MVSF,PM0,ERR4014,09.20.40,USER325,ALERT: Disk usage at 95% - action required,critical
361,MVSF,USER325M,PMO388I,09.40.49,START1,$HASP395 USER325M ENDED - RC=0000,normal
362,MVSF,JES2,EZZ6034I,09.24.32,SYSOP,$HASP395 USER325M ENDED - RC=0000,normal
363,MVSF,PM0,PREFIX,09.45.22,USER325M,-WTO3,normal
364,MVSF,JES2,PMO396I,09.29.23,OPSS,$HASP395 USER325M ENDED - RC=0000,normal
365,MVSF,USER325M,PMO396I,09.25.32,START1,EZZ6034I TN3270 CONN 000585F0 LU MULTIPLE CONN DROP  ERR 4014,normal
366,MVSF,CONSOLE,EZZ6034I,09.01.40,START1,EZZ6034I TN3270 CONN 000585F0 LU MULTIPLE CONN DROP  ERR 4014,normal
367,MVSF,CONSOLE,IEF196I,09.21.17,USER325M,OPS TRAINING: NORMAL MSG 2 - JUST CHECKING IN,normal
368,MVSF,CONSOLE,IEF285I,09.32.30,OPSS,EZZ6034I TN3270 CONN 000585F0 LU MULTIPLE CONN DROP  ERR 4014,normal
369,MVSF,OPSS,IEF403I,09.55.18,OPSS,OPS TRAINING: NORMAL MSG 2 - JUST CHECKING IN,normal
370,MVSF,START1,IEF196I,09.11.54,SYSOP,-WTO1,normal
371,MVSF,USER325,PMO396I,09.54.27,START1,$HASP395 USER325M ENDED - RC=0000,normal
372,MVSF,OPSS,EZZ6034I,09.50.20,SYSOP,$HASP395 USER325M ENDED - RC=0000,normal
373,MVSF,PM0,PMO388I,09.14.39,USER325,$HASP395 USER325M ENDED - RC=0000,normal
374,MVSF,JES2,EZZ6034E,09.59.31,SYSOP,ERROR: Job STEP1 ABEND RC=16 - URGENT,critical
375,MVSF,PM0,PMO388I,09.58.53,START1,OPS TRAINING: NORMAL MSG 2 - JUST CHECKING IN,normal
376,MVSF,START1,PMO396I,09.07.47,USER325M,$HASP395 USER325M ENDED - RC=0000,normal
377,MVSF,PM0,IEF285I,09.09.08,USER325M,-STEPEND,normal
378,MVSF,START1,IEF285I,09.26.31,START1,"SE '09.01.46 JOB03273 $HASP165 USER325M ENDED AT MVSF MAXCC=0000',LOGON",normal
379,MVSF,USER325,PMO396I,09.33.13,SYSOP,$HASP395 USER325M ENDED - RC=0000,normal
380,MVSF,USER325M,IEF285I,09.19.43,USER325,EZZ6034I TN3270 CONN 000585F0 LU MULTIPLE CONN DROP  ERR 4014,normal
381,MVSF,USER325M,EZZ6034E,09.09.19,USER325,CRITICAL: DB connection FAILED on DB2 - RETURN CODE 100,critical
382,MVSF,PM0,PREFIX,09.33.34,START1,-WTOR2,normal
383,MVSF,JES2,IEF285I,09.51.57,USER325,OPS TRAINING: NORMAL MSG 2 - JUST CHECKING IN,normal
384,MVSF,JES2,PMO396I,09.31.13,SYSOP,-STEPEND,normal
385,MVSF,CONSOLE,EZZ6034E,09.52.54,SYSOP,ERROR: Job STEP1 ABEND RC=16 - URGENT,critical
386,MVSF,USER325M,IEF196I,09.06.59,USER325,IP..PORT: 66.167.166.156..8996,normal
387,MVSF,CONSOLE,PREFIX,09.58.51,OPSS,-WTOR2,normal
388,MVSF,JES2,PREFIX,09.50.21,SYSOP,-WTO4,normal
389,MVSF,JES2,ERR4014,09.14.06,USER325,OPS TRAINING: CRITICAL - USER NEEDS A BREAK,critical
390,MVSF,CONSOLE,PMO396I,09.48.03,USER325M,-STEPEND,normal
391,MVSF,JES2,PMO396I,09.53.38,START1,OPS TRAINING: NORMAL MSG 2 - JUST CHECKING IN,normal
392,MVSF,USER325,PREFIX,09.09.59,USER325M,-WTO4,normal
393,MVSF,START1,ERR4014,09.43.10,USER325M,ALERT: Disk usage at 95% - action required,critical
394,MVSF,START1,IEF196I,09.51.11,USER325M,OPS TRAINING: NORMAL MSG 2 - JUST CHECKING IN,normal
395,MVSF,START1,ERR4014,09.00.10,OPSS,ALERT: Disk usage at 95% - action required,critical
396,MVSF,JES2,EZZ6034I,09.36.29,START1,"SE '09.01.46 JOB03273 $HASP165 USER325M ENDED AT MVSF MAXCC=0000',LOGON",normal
397,MVSF,CONSOLE,IEF285I,09.56.32,USER325M,IP..PORT: 66.167.166.156..8996,normal
398,MVSF,PM0,PMO396I,09.52.02,OPSS,IP..PORT: 66.167.166.156..8996,normal
399,MVSF,JES2,PMO388I,09.10.47,START1,OPS TRAINING: NORMAL MSG 1 - SYSTEM OK,normal
400,MVSF,PM0,PMO388I,09.20.36,USER325,-WTO2,normal
401,MVSF,OPSS,EZZ6034E,09.25.23,USER325,CRITICAL: DB connection FAILED on DB2 - RETURN CODE 100,critical
402,MVSF,PM0,EZZ6034I,09.06.13,OPSS,-WTO2,normal
403,MVSF,START1,PMO388I,09.15.26,SYSOP,OPS TRAINING: NORMAL MSG 2 - JUST CHECKING IN,normal
404,MVSF,JES2,EZZ6034I,09.28.49,USER325,"SE '09.01.46 JOB03273 $HASP165 USER325M ENDED AT MVSF MAXCC=0000',LOGON",normal
405,MVSF,CONSOLE,IEF196I,09.25.05,USER325M,OPS TRAINING: NORMAL MSG 2 - JUST CHECKING IN,normal
406,MVSF,START1,DBSERR01,09.38.27,OPSS,OPS TRAINING: CRITICAL - USER NEEDS A BREAK,critical
407,MVSF,USER325M,IEF403I,09.42.03,START1,-WTO2,normal
408,MVSF,START1,IEF196I,09.49.50,START1,-WTO1,normal
409,MVSF,PM0,IEF285I,09.05.45,USER325,-WTO2,normal
410,MVSF,JES2,PMO396I,09.57.49,USER325M,-STEPEND,normal
411,MVSF,PM0,IEF285I,09.03.43,USER325,$HASP395 USER325M ENDED - RC=0000,normal
412,MVSF,CONSOLE,PMO388I,09.21.36,USER325,OPS TRAINING: NORMAL MSG 2 - JUST CHECKING IN,normal
413,MVSF,JES2,ERR4014,09.32.09,OPSS,CRITICAL: DB connection FAILED on DB2 - RETURN CODE 100,critical
414,MVSF,OPSS,IEF403I,09.53.52,START1,-WTO2,normal
415,MVSF,USER325M,EZZ6034I,09.47.54,START1,EZZ6034I TN3270 CONN 000585F0 LU MULTIPLE CONN DROP  ERR 4014,normal
416,MVSF,OPSS,PMO396I,09.21.09,OPSS,-WTO1,normal
417,MVSF,USER325M,IEF285I,09.40.02,OPSS,-WTO1,normal
418,MVSF,OPSS,IEF285I,09.29.39,OPSS,OPS TRAINING: NORMAL MSG 1 - SYSTEM OK,normal
419,MVSF,OPSS,IEF403I,09.48.19,USER325,-WTO1,normal
420,MVSF,USER325,IEF403I,09.25.23,USER325,EZZ6034I TN3270 CONN 000585F0 LU MULTIPLE CONN DROP  ERR 4014,normal
421,MVSF,JES2,EZZ6034E,09.29.18,USER325M,OPS TRAINING: CRITICAL - COFFEE LEVEL LOW,critical
422,MVSF,USER325M,PMO396I,09.34.52,USER325M,OPS TRAINING: NORMAL MSG 2 - JUST CHECKING IN,normal
423,MVSF,CONSOLE,DBSERR01,09.52.47,OPSS,CRITICAL: DB connection FAILED on DB2 - RETURN CODE 100,critical
424,MVSF,OPSS,EZZ6034E,09.58.37,OPSS,OPS TRAINING: CRITICAL - USER NEEDS A BREAK,critical
425,MVSF,JES2,PMO388I,09.02.24,SYSOP,-WTO1,normal
426,MVSF,USER325,ERR4014,09.28.24,USER325M,OPS TRAINING: CRITICAL - USER NEEDS A BREAK,critical
427,MVSF,USER325,IEF403I,09.15.14,SYSOP,OPS TRAINING: NORMAL MSG 2 - JUST CHECKING IN,normal
428,MVSF,JES2,PREFIX,09.19.16,USER325M,-WTO3,normal
429,MVSF,CONSOLE,IEF196I,09.38.29,USER325M,"SE '09.01.46 JOB03273 $HASP165 USER325M ENDED AT MVSF MAXCC=0000',LOGON",normal
430,MVSF,PM0,IEF403I,09.37.18,USER325,IP..PORT: 66.167.166.156..8996,normal
431,MVSF,START1,PREFIX,09.23.38,OPSS,-WTO3,normal
432,MVSF,OPSS,EZZ6034I,09.14.00,SYSOP,$HASP395 USER325M ENDED - RC=0000,normal
433,MVSF,OPSS,IEF196I,09.02.59,USER325,-WTO1,normal
434,MVSF,PM0,EZZ6034I,09.05.47,SYSOP,"SE '09.01.46 JOB03273 $HASP165 USER325M ENDED AT MVSF MAXCC=0000',LOGON",normal
435,MVSF,USER325M,PMO388I,09.45.13,USER325,OPS TRAINING: NORMAL MSG 2 - JUST CHECKING IN,normal
436,MVSF,PM0,IEF403I,09.56.47,USER325M,"SE '09.01.46 JOB03273 $HASP165 USER325M ENDED AT MVSF MAXCC=0000',LOGON",normal
437,MVSF,JES2,IEF196I,09.52.34,SYSOP,-WTO2,normal
438,MVSF,USER325M,PMO388I,09.08.14,SYSOP,IP..PORT: 66.167.166.156..8996,normal
439,MVSF,USER325M,IEF285I,09.18.05,OPSS,IP..PORT: 66.167.166.156..8996,normal
440,MVSF,USER325,CRIT1000,09.57.03,USER325M,ERROR: Job STEP1 ABEND RC=16 - URGENT,critical
441,MVSF,USER325M,EZZ6034I,09.35.03,OPSS,-WTO2,normal
442,MVSF,JES2,IEF285I,09.30.52,SYSOP,OPS TRAINING: NORMAL MSG 1 - SYSTEM OK,normal
443,MVSF,OPSS,PMO388I,09.00.48,OPSS,OPS TRAINING: NORMAL MSG 2 - JUST CHECKING IN,normal
444,MVSF,JES2,PREFIX,09.27.20,USER325M,-WTO4,normal
445,MVSF,JES2,PREFIX,09.05.07,OPSS,-WTO3,normal
446,MVSF,OPSS,EZZ6034I,09.57.50,USER325M,IP..PORT: 66.167.166.156..8996,normal
447,MVSF,START1,PREFIX,09.29.34,START1,-WTO3,normal
448,MVSF,USER325,PMO388I,09.12.46,USER325M,-WTO1,normal
449,MVSF,PM0,EZZ6034E,09.20.08,START1,ERROR: Job STEP1 ABEND RC=16 - URGENT,critical
450,MVSF,USER325M,IEF196I,09.09.22,START1,OPS TRAINING: NORMAL MSG 2 - JUST CHECKING IN,normal
451,MVSF,USER325M,DBSERR01,09.53.22,USER325M,ERROR: Job STEP1 ABEND RC=16 - URGENT,critical
452,MVSF,USER325M,CRIT1000,09.18.27,USER325,ERROR: Job STEP1 ABEND RC=16 - URGENT,critical
453,MVSF,JES2,IEF196I,09.32.12,SYSOP,-STEPEND,normal
454,MVSF,OPSS,PMO396I,09.16.55,USER325,-WTO2,normal
455,MVSF,CONSOLE,EZZ6034E,09.57.17,USER325,OPS TRAINING: CRITICAL - USER NEEDS A BREAK,critical
456,MVSF,PM0,EZZ6034I,09.47.49,USER325M,"SE '09.01.46 JOB03273 $HASP165 USER325M ENDED AT MVSF MAXCC=0000',LOGON",normal
457,MVSF,START1,PMO396I,09.21.05,USER325,-WTO2,normal
458,MVSF,START1,IEF285I,09.32.37,OPSS,-WTO2,normal
459,MVSF,JES2,IEF285I,09.57.38,USER325M,"SE '09.01.46 JOB03273 $HASP165 USER325M ENDED AT MVSF MAXCC=0000',LOGON",normal
460,MVSF,JES2,EZZ6034I,09.35.55,USER325M,-WTO1,normal
461,MVSF,START1,PREFIX,09.06.53,USER325M,-WTOR1,normal
462,MVSF,PM0,IEF285I,09.21.39,USER325,$HASP395 USER325M ENDED - RC=0000,normal
463,MVSF,PM0,PMO396I,09.40.12,USER325,"SE '09.01.46 JOB03273 $HASP165 USER325M ENDED AT MVSF MAXCC=0000',LOGON",normal
464,MVSF,PM0,CRIT1000,09.00.07,SYSOP,OPS TRAINING: CRITICAL - USER NEEDS A BREAK,critical
465,MVSF,START1,PREFIX,09.21.43,SYSOP,-WTO3,normal
466,MVSF,PM0,PMO388I,09.05.18,USER325,-WTO1,normal
467,MVSF,USER325M,EZZ6034I,09.00.46,USER325M,OPS TRAINING: NORMAL MSG 2 - JUST CHECKING IN,normal
468,MVSF,PM0,IEF403I,09.00.05,OPSS,-STEPEND,normal
469,MVSF,USER325M,DBSERR01,09.23.58,SYSOP,ALERT: Disk usage at 95% - action required,critical
470,MVSF,OPSS,DBSERR01,09.54.33,OPSS,OPS TRAINING: CRITICAL - USER NEEDS A BREAK,critical
471,MVSF,USER325,IEF196I,09.25.37,USER325,OPS TRAINING: NORMAL MSG 2 - JUST CHECKING IN,normal
472,MVSF,PM0,IEF196I,09.02.06,START1,"SE '09.01.46 JOB03273 $HASP165 USER325M ENDED AT MVSF MAXCC=0000',LOGON",normal
473,MVSF,OPSS,PMO388I,09.22.36,USER325,-WTO1,normal
474,MVSF,PM0,PMO396I,09.19.13,USER325M,EZZ6034I TN3270 CONN 000585F0 LU MULTIPLE CONN DROP  ERR 4014,normal
475,MVSF,USER325,PMO396I,09.03.43,USER325M,EZZ6034I TN3270 CONN 000585F0 LU MULTIPLE CONN DROP  ERR 4014,normal
476,MVSF,OPSS,EZZ6034I,09.01.45,USER325,IP..PORT: 66.167.166.156..8996,normal
477,MVSF,JES2,IEF403I,09.07.53,USER325M,OPS TRAINING: NORMAL MSG 2 - JUST CHECKING IN,normal
478,MVSF,PM0,EZZ6034I,09.37.08,START1,-STEPEND,normal
479,MVSF,OPSS,CRIT1000,09.17.58,START1,OPS TRAINING: CRITICAL - USER NEEDS A BREAK,critical
480,MVSF,JES2,IEF403I,09.47.32,OPSS,OPS TRAINING: NORMAL MSG 1 - SYSTEM OK,normal
481,MVSF,START1,PMO396I,09.04.09,START1,$HASP395 USER325M ENDED - RC=0000,normal
482,MVSF,START1,ERR4014,09.16.05,START1,ERROR: Job STEP1 ABEND RC=16 - URGENT,critical
483,MVSF,OPSS,EZZ6034I,09.51.41,START1,OPS TRAINING: NORMAL MSG 1 - SYSTEM OK,normal
484,MVSF,USER325,PREFIX,09.02.54,START1,-WTO4,normal
485,MVSF,CONSOLE,IEF285I,09.49.38,OPSS,-WTO1,normal
486,MVSF,JES2,PMO396I,09.18.51,SYSOP,$HASP395 USER325M ENDED - RC=0000,normal
487,MVSF,USER325,ERR4014,09.10.07,SYSOP,OPS TRAINING: CRITICAL - COFFEE LEVEL LOW,critical
488,MVSF,JES2,EZZ6034E,09.19.31,SYSOP,OPS TRAINING: CRITICAL - COFFEE LEVEL LOW,critical
489,MVSF,START1,CRIT1000,09.41.34,START1,ALERT: Disk usage at 95% - action required,critical
490,MVSF,USER325M,IEF285I,10.00.00,USER325M,$HASP395 USER325M ENDED - RC=0000,normal
491,MVSF,CONSOLE,IEF196I,09.01.22,USER325M,IP..PORT: 66.167.166.156..8996,normal
492,MVSF,JES2,IEF403I,09.15.33,USER325,IP..PORT: 66.167.166.156..8996,normal
493,MVSF,START1,CRIT1000,09.44.04,OPSS,CRITICAL: DB connection FAILED on DB2 - RETURN CODE 100,critical
494,MVSF,JES2,PMO388I,09.03.50,SYSOP,IP..PORT: 66.167.166.156..8996,normal
495,MVSF,USER325,EZZ6034I,09.53.16,SYSOP,EZZ6034I TN3270 CONN 000585F0 LU MULTIPLE CONN DROP  ERR 4014,normal
496,MVSF,USER325,IEF285I,09.02.15,START1,-WTO2,normal
497,MVSF,JES2,IEF285I,09.31.41,SYSOP,-STEPEND,normal
498,MVSF,CONSOLE,IEF196I,09.33.22,SYSOP,OPS TRAINING: NORMAL MSG 1 - SYSTEM OK,normal
499,MVSF,CONSOLE,PREFIX,09.11.09,USER325M,-WTOR2,normal
500,MVSF,OPSS,IEF403I,09.11.07,SYSOP,OPS TRAINING: NORMAL MSG 1 - SYSTEM OK,normal
501,MVSF,CONSOLE,IEF285I,09.44.28,START1,-WTO2,normal
502,MVSF,PM0,EZZ6034E,09.11.49,SYSOP,ALERT: Disk usage at 95% - action required,critical
503,MVSF,USER325M,PMO396I,09.25.42,USER325M,-STEPEND,normal
504,MVSF,START1,IEF403I,09.06.59,OPSS,EZZ6034I TN3270 CONN 000585F0 LU MULTIPLE CONN DROP  ERR 4014,normal
505,MVSF,CONSOLE,IEF403I,09.46.43,OPSS,EZZ6034I TN3270 CONN 000585F0 LU MULTIPLE CONN DROP  ERR 4014,normal
506,MVSF,CONSOLE,IEF403I,09.44.47,USER325M,"SE '09.01.46 JOB03273 $HASP165 USER325M ENDED AT MVSF MAXCC=0000',LOGON",normal
507,MVSF,PM0,IEF285I,09.21.49,USER325,OPS TRAINING: NORMAL MSG 1 - SYSTEM OK,normal
508,MVSF,USER325M,IEF403I,09.26.30,OPSS,-STEPEND,normal
509,MVSF,PM0,PREFIX,09.48.41,USER325,-WTO4,normal
510,MVSF,JES2,PMO388I,09.11.36,SYSOP,"SE '09.01.46 JOB03273 $HASP165 USER325M ENDED AT MVSF MAXCC=0000',LOGON",normal
511,MVSF,PM0,IEF285I,09.22.54,OPSS,-STEPEND,normal
512,MVSF,CONSOLE,IEF403I,09.17.47,SYSOP,$HASP395 USER325M ENDED - RC=0000,normal
513,MVSF,USER325M,ERR4014,09.13.16,SYSOP,OPS TRAINING: CRITICAL - COFFEE LEVEL LOW,critical
514,MVSF,OPSS,PMO396I,09.59.26,USER325,-STEPEND,normal
515,MVSF,START1,IEF285I,09.31.14,USER325,"SE '09.01.46 JOB03273 $HASP165 USER325M ENDED AT MVSF MAXCC=0000',LOGON",normal
516,MVSF,PM0,EZZ6034E,09.12.04,USER325M,ALERT: Disk usage at 95% - action required,critical
517,MVSF,START1,IEF403I,09.52.11,USER325,-WTO2,normal
518,MVSF,PM0,EZZ6034E,09.29.18,START1,OPS TRAINING: CRITICAL - USER NEEDS A BREAK,critical
519,MVSF,PM0,IEF196I,09.25.28,OPSS,OPS TRAINING: NORMAL MSG 1 - SYSTEM OK,normal
520,MVSF,PM0,DBSERR01,09.50.04,USER325,OPS TRAINING: CRITICAL - COFFEE LEVEL LOW,critical
521,MVSF,USER325M,CRIT1000,09.34.21,SYSOP,OPS TRAINING: CRITICAL - USER NEEDS A BREAK,critical
522,MVSF,USER325M,IEF196I,09.49.41,SYSOP,-STEPEND,normal
523,MVSF,USER325M,EZZ6034I,09.24.31,USER325,-WTO1,normal
524,MVSF,USER325,PREFIX,09.15.18,USER325,-WTOR2,normal
525,MVSF,CONSOLE,PMO396I,09.48.32,OPSS,-WTO1,normal
526,MVSF,PM0,PMO396I,09.07.22,OPSS,OPS TRAINING: NORMAL MSG 1 - SYSTEM OK,normal
527,MVSF,START1,PMO388I,09.17.15,START1,$HASP395 USER325M ENDED - RC=0000,normal
528,MVSF,USER325M,DBSERR01,09.45.10,OPSS,OPS TRAINING: CRITICAL - COFFEE LEVEL LOW,critical
529,MVSF,JES2,PMO396I,09.07.09,SYSOP,-WTO1,normal
530,MVSF,USER325,IEF196I,09.41.34,USER325,OPS TRAINING: NORMAL MSG 2 - JUST CHECKING IN,normal
531,MVSF,CONSOLE,DBSERR01,09.10.56,OPSS,CRITICAL: DB connection FAILED on DB2 - RETURN CODE 100,critical
532,MVSF,USER325,PREFIX,09.00.11,OPSS,-WTOR2,normal
533,MVSF,OPSS,PREFIX,09.53.12,SYSOP,-WTOR2,normal
534,MVSF,CONSOLE,CRIT1000,09.18.01,START1,OPS TRAINING: CRITICAL - USER NEEDS A BREAK,critical
535,MVSF,CONSOLE,IEF285I,09.54.43,USER325M,OPS TRAINING: NORMAL MSG 1 - SYSTEM OK,normal
536,MVSF,PM0,IEF196I,09.44.10,USER325,OPS TRAINING: NORMAL MSG 1 - SYSTEM OK,normal
537,MVSF,JES2,CRIT1000,09.23.23,USER325,OPS TRAINING: CRITICAL - COFFEE LEVEL LOW,critical
538,MVSF,PM0,PMO388I,09.58.04,START1,-STEPEND,normal
539,MVSF,PM0,DBSERR01,09.49.35,OPSS,OPS TRAINING: CRITICAL - COFFEE LEVEL LOW,critical
540,MVSF,JES2,EZZ6034E,09.38.50,START1,ALERT: Disk usage at 95% - action required,critical
541,MVSF,USER325M,IEF403I,09.33.19,OPSS,OPS TRAINING: NORMAL MSG 1 - SYSTEM OK,normal
542,MVSF,OPSS,IEF196I,09.48.05,SYSOP,-STEPEND,normal
543,MVSF,START1,PMO396I,09.35.42,SYSOP,-WTO2,normal
544,MVSF,PM0,IEF285I,09.46.10,START1,IP..PORT: 66.167.166.156..8996,normal
545,MVSF,PM0,PMO396I,09.10.42,SYSOP,OPS TRAINING: NORMAL MSG 1 - SYSTEM OK,normal
546,MVSF,CONSOLE,DBSERR01,09.16.26,USER325M,OPS TRAINING: CRITICAL - COFFEE LEVEL LOW,critical
547,MVSF,USER325M,IEF285I,09.55.46,USER325,EZZ6034I TN3270 CONN 000585F0 LU MULTIPLE CONN DROP  ERR 4014,normal
548,MVSF,JES2,PMO396I,09.34.01,START1,IP..PORT: 66.167.166.156..8996,normal
549,MVSF,USER325M,PMO388I,09.28.08,OPSS,OPS TRAINING: NORMAL MSG 1 - SYSTEM OK,normal
550,MVSF,PM0,IEF196I,09.45.50,START1,-STEPEND,normal
551,MVSF,CONSOLE,IEF196I,09.38.14,SYSOP,-WTO2,normal
552,MVSF,OPSS,CRIT1000,09.51.50,USER325,ALERT: Disk usage at 95% - action required,critical
553,MVSF,PM0,EZZ6034I,09.07.15,OPSS,-STEPEND,normal
554,MVSF,OPSS,ERR4014,09.17.21,SYSOP,OPS TRAINING: CRITICAL - USER NEEDS A BREAK,critical
555,MVSF,JES2,PMO388I,09.53.20,USER325,-WTO2,normal
556,MVSF,JES2,PMO388I,09.30.45,START1,OPS TRAINING: NORMAL MSG 1 - SYSTEM OK,normal
557,MVSF,OPSS,PREFIX,09.36.12,OPSS,-WTO4,normal
558,MVSF,PM0,PMO396I,09.39.29,USER325,IP..PORT: 66.167.166.156..8996,normal
559,MVSF,USER325M,PMO388I,09.41.34,USER325,"SE '09.01.46 JOB03273 $HASP165 USER325M ENDED AT MVSF MAXCC=0000',LOGON",normal
560,MVSF,JES2,PREFIX,09.09.06,USER325,-WTOR1,normal
561,MVSF,PM0,CRIT1000,09.50.18,SYSOP,ERROR: Job STEP1 ABEND RC=16 - URGENT,critical
562,MVSF,PM0,PMO396I,09.09.03,USER325,-STEPEND,normal
563,MVSF,START1,IEF403I,09.32.47,SYSOP,OPS TRAINING: NORMAL MSG 2 - JUST CHECKING IN,normal
564,MVSF,JES2,PMO388I,09.28.50,OPSS,EZZ6034I TN3270 CONN 000585F0 LU MULTIPLE CONN DROP  ERR 4014,normal
565,MVSF,USER325,IEF285I,09.18.13,USER325,OPS TRAINING: NORMAL MSG 1 - SYSTEM OK,normal
566,MVSF,USER325,IEF285I,09.51.26,SYSOP,OPS TRAINING: NORMAL MSG 1 - SYSTEM OK,normal
567,MVSF,PM0,EZZ6034E,09.44.10,SYSOP,ERROR: Job STEP1 ABEND RC=16 - URGENT,critical
568,MVSF,USER325M,PMO396I,09.26.27,START1,-STEPEND,normal
569,MVSF,OPSS,PREFIX,09.50.46,USER325M,-WTOR1,normal
570,MVSF,JES2,ERR4014,09.40.10,SYSOP,OPS TRAINING: CRITICAL - USER NEEDS A BREAK,critical
571,MVSF,USER325M,EZZ6034I,09.12.06,OPSS,-WTO2,normal
572,MVSF,OPSS,PMO396I,09.29.15,USER325M,OPS TRAINING: NORMAL MSG 2 - JUST CHECKING IN,normal
573,MVSF,CONSOLE,PMO396I,09.31.50,USER325,-STEPEND,normal
574,MVSF,USER325M,PREFIX,09.53.55,SYSOP,-WTO3,normal
575,MVSF,USER325,IEF196I,09.35.32,OPSS,"SE '09.01.46 JOB03273 $HASP165 USER325M ENDED AT MVSF MAXCC=0000',LOGON",normal
576,MVSF,OPSS,PMO396I,09.23.51,USER325,EZZ6034I TN3270 CONN 000585F0 LU MULTIPLE CONN DROP  ERR 4014,normal
577,MVSF,USER325,IEF403I,09.51.22,SYSOP,"SE '09.01.46 JOB03273 $HASP165 USER325M ENDED AT MVSF MAXCC=0000',LOGON",normal
578,MVSF,PM0,PREFIX,09.23.37,START1,-WTO3,normal
579,MVSF,PM0,PMO396I,09.21.54,START1,-WTO2,normal
580,MVSF,START1,PREFIX,09.49.25,USER325M,-WTOR2,normal
581,MVSF,USER325M,IEF403I,09.02.59,USER325M,EZZ6034I TN3270 CONN 000585F0 LU MULTIPLE CONN DROP  ERR 4014,normal
582,MVSF,OPSS,DBSERR01,09.11.25,SYSOP,CRITICAL: DB connection FAILED on DB2 - RETURN CODE 100,critical
583,MVSF,JES2,IEF285I,09.07.05,USER325,-WTO2,normal
584,MVSF,OPSS,ERR4014,09.31.20,USER325M,OPS TRAINING: CRITICAL - COFFEE LEVEL LOW,critical
585,MVSF,START1,IEF285I,09.56.05,USER325,-STEPEND,normal
586,MVSF,USER325M,PREFIX,09.43.01,START1,-WTOR2,normal
587,MVSF,PM0,EZZ6034I,09.49.10,SYSOP,OPS TRAINING: NORMAL MSG 2 - JUST CHECKING IN,normal
588,MVSF,START1,EZZ6034E,09.07.14,USER325M,OPS TRAINING: CRITICAL - COFFEE LEVEL LOW,critical
589,MVSF,CONSOLE,CRIT1000,09.52.14,START1,ERROR: Job STEP1 ABEND RC=16 - URGENT,critical
590,MVSF,START1,EZZ6034E,09.15.00,USER325,ALERT: Disk usage at 95% - action required,critical
591,MVSF,PM0,CRIT1000,09.54.16,USER325M,OPS TRAINING: CRITICAL - USER NEEDS A BREAK,critical
592,MVSF,OPSS,PMO396I,09.00.20,SYSOP,-WTO1,normal
593,MVSF,PM0,IEF196I,09.50.36,USER325M,-STEPEND,normal
594,MVSF,USER325,PREFIX,09.15.04,SYSOP,-WTO4,normal
595,MVSF,PM0,IEF285I,09.37.31,OPSS,OPS TRAINING: NORMAL MSG 1 - SYSTEM OK,normal
596,MVSF,CONSOLE,IEF196I,09.24.22,USER325,-WTO2,normal
597,MVSF,CONSOLE,IEF403I,09.33.10,START1,OPS TRAINING: NORMAL MSG 2 - JUST CHECKING IN,normal
598,MVSF,JES2,EZZ6034I,09.21.35,START1,-WTO1,normal
599,MVSF,JES2,IEF285I,09.24.32,USER325,$HASP395 USER325M ENDED - RC=0000,normal
600,MVSF,CONSOLE,PMO388I,09.52.53,USER325M,IP..PORT: 66.167.166.156..8996,normal
601,MVSF,JES2,EZZ6034I,09.56.25,USER325,OPS TRAINING: NORMAL MSG 2 - JUST CHECKING IN,normal
602,MVSF,OPSS,EZZ6034I,09.57.59,SYSOP,OPS TRAINING: NORMAL MSG 2 - JUST CHECKING IN,normal
603,MVSF,OPSS,ERR4014,09.37.39,USER325M,ERROR: Job STEP1 ABEND RC=16 - URGENT,critical
604,MVSF,CONSOLE,PREFIX,09.26.47,USER325,-WTOR2,normal
605,MVSF,START1,IEF403I,09.34.50,OPSS,-WTO1,normal
606,MVSF,JES2,EZZ6034I,09.35.05,USER325,-WTO2,normal
607,MVSF,CONSOLE,PMO396I,09.02.45,USER325,-WTO1,normal
608,MVSF,OPSS,IEF403I,09.45.38,USER325,"SE '09.01.46 JOB03273 $HASP165 USER325M ENDED AT MVSF MAXCC=0000',LOGON",normal
609,MVSF,OPSS,ERR4014,09.02.43,USER325M,ALERT: Disk usage at 95% - action required,critical
610,MVSF,START1,PREFIX,09.37.09,SYSOP,-WTOR1,normal
611,MVSF,START1,EZZ6034I,09.44.36,OPSS,$HASP395 USER325M ENDED - RC=0000,normal
612,MVSF,CONSOLE,IEF285I,09.55.47,USER325M,EZZ6034I TN3270 CONN 000585F0 LU MULTIPLE CONN DROP  ERR 4014,normal
613,MVSF,USER325M,PMO396I,09.11.18,USER325,OPS TRAINING: NORMAL MSG 1 - SYSTEM OK,normal
614,MVSF,USER325,IEF285I,09.24.43,SYSOP,-WTO1,normal
615,MVSF,JES2,EZZ6034E,09.22.32,OPSS,OPS TRAINING: CRITICAL - USER NEEDS A BREAK,critical
616,MVSF,OPSS,IEF285I,09.16.38,OPSS,-WTO1,normal
617,MVSF,START1,IEF285I,09.10.01,OPSS,EZZ6034I TN3270 CONN 000585F0 LU MULTIPLE CONN DROP  ERR 4014,normal
618,MVSF,PM0,PREFIX,09.49.41,USER325M,-WTOR2,normal
619,MVSF,USER325,PMO396I,09.14.58,START1,IP..PORT: 66.167.166.156..8996,normal
620,MVSF,USER325,DBSERR01,09.49.26,USER325M,ERROR: Job STEP1 ABEND RC=16 - URGENT,critical
621,MVSF,USER325M,IEF196I,09.09.01,OPSS,-WTO2,normal
622,MVSF,START1,PMO396I,09.06.34,USER325,$HASP395 USER325M ENDED - RC=0000,normal
623,MVSF,OPSS,PMO396I,09.32.55,USER325,OPS TRAINING: NORMAL MSG 1 - SYSTEM OK,normal
624,MVSF,CONSOLE,IEF196I,09.59.43,OPSS,$HASP395 USER325M ENDED - RC=0000,normal
625,MVSF,START1,PMO388I,09.54.55,SYSOP,$HASP395 USER325M ENDED - RC=0000,normal
626,MVSF,CONSOLE,PMO388I,09.40.50,SYSOP,-WTO2,normal
627,MVSF,START1,IEF285I,09.35.40,OPSS,OPS TRAINING: NORMAL MSG 1 - SYSTEM OK,normal
628,MVSF,CONSOLE,IEF285I,09.07.16,USER325,"SE '09.01.46 JOB03273 $HASP165 USER325M ENDED AT MVSF MAXCC=0000',LOGON",normal
629,MVSF,START1,IEF403I,09.24.57,SYSOP,EZZ6034I TN3270 CONN 000585F0 LU MULTIPLE CONN DROP  ERR 4014,normal
630,MVSF,USER325,IEF285I,09.25.16,SYSOP,$HASP395 USER325M ENDED - RC=0000,normal
631,MVSF,PM0,IEF403I,09.09.25,OPSS,"SE '09.01.46 JOB03273 $HASP165 USER325M ENDED AT MVSF MAXCC=0000',LOGON",normal
632,MVSF,USER325,EZZ6034I,09.34.42,START1,-WTO1,normal
633,MVSF,PM0,EZZ6034E,09.00.21,OPSS,OPS TRAINING: CRITICAL - USER NEEDS A BREAK,critical
634,MVSF,OPSS,PMO396I,09.17.57,USER325,$HASP395 USER325M ENDED - RC=0000,normal
635,MVSF,START1,EZZ6034I,09.44.47,SYSOP,$HASP395 USER325M ENDED - RC=0000,normal
636,MVSF,PM0,PREFIX,09.33.44,START1,-WTO3,normal
637,MVSF,JES2,CRIT1000,09.40.55,SYSOP,OPS TRAINING: CRITICAL - USER NEEDS A BREAK,critical
638,MVSF,CONSOLE,IEF285I,09.16.19,OPSS,-WTO1,normal
639,MVSF,PM0,IEF403I,09.26.58,START1,$HASP395 USER325M ENDED - RC=0000,normal
640,MVSF,START1,EZZ6034I,09.19.25,SYSOP,OPS TRAINING: NORMAL MSG 2 - JUST CHECKING IN,normal
641,MVSF,USER325M,IEF403I,09.27.34,SYSOP,-WTO2,normal
642,MVSF,START1,PMO396I,09.20.05,USER325M,OPS TRAINING: NORMAL MSG 2 - JUST CHECKING IN,normal
643,MVSF,PM0,PREFIX,09.30.13,START1,-WTOR1,normal
644,MVSF,START1,CRIT1000,09.58.50,OPSS,ALERT: Disk usage at 95% - action required,critical
645,MVSF,JES2,PMO388I,09.21.33,START1,-WTO2,normal
646,MVSF,CONSOLE,IEF196I,09.06.20,START1,-STEPEND,normal
647,MVSF,USER325M,EZZ6034E,09.21.25,USER325M,ERROR: Job STEP1 ABEND RC=16 - URGENT,critical
648,MVSF,PM0,IEF285I,09.13.37,USER325,-WTO2,normal
649,MVSF,JES2,DBSERR01,09.17.02,SYSOP,OPS TRAINING: CRITICAL - USER NEEDS A BREAK,critical
650,MVSF,START1,EZZ6034E,09.00.27,SYSOP,OPS TRAINING: CRITICAL - COFFEE LEVEL LOW,critical
651,MVSF,USER325M,CRIT1000,09.39.13,USER325M,ERROR: Job STEP1 ABEND RC=16 - URGENT,critical
652,MVSF,USER325,PREFIX,09.51.12,SYSOP,-WTOR1,normal
653,MVSF,START1,PMO388I,09.23.42,START1,IP..PORT: 66.167.166.156..8996,normal
654,MVSF,CONSOLE,ERR4014,09.47.03,OPSS,OPS TRAINING: CRITICAL - COFFEE LEVEL LOW,critical
655,MVSF,CONSOLE,PMO396I,09.41.49,USER325M,OPS TRAINING: NORMAL MSG 2 - JUST CHECKING IN,normal
656,MVSF,USER325M,IEF403I,09.41.51,USER325M,-WTO2,normal
657,MVSF,CONSOLE,IEF285I,09.58.19,START1,$HASP395 USER325M ENDED - RC=0000,normal
658,MVSF,PM0,IEF285I,09.18.25,USER325,-WTO2,normal
659,MVSF,USER325M,DBSERR01,09.55.00,OPSS,OPS TRAINING: CRITICAL - USER NEEDS A BREAK,critical
660,MVSF,JES2,EZZ6034I,09.33.13,USER325M,EZZ6034I TN3270 CONN 000585F0 LU MULTIPLE CONN DROP  ERR 4014,normal
661,MVSF,PM0,EZZ6034E,09.11.09,OPSS,ALERT: Disk usage at 95% - action required,critical
662,MVSF,PM0,EZZ6034I,09.22.50,USER325M,OPS TRAINING: NORMAL MSG 2 - JUST CHECKING IN,normal
663,MVSF,USER325M,IEF403I,09.08.16,USER325M,"SE '09.01.46 JOB03273 $HASP165 USER325M ENDED AT MVSF MAXCC=0000',LOGON",normal
664,MVSF,JES2,PREFIX,09.19.25,USER325M,-WTO4,normal
665,MVSF,USER325M,EZZ6034I,09.41.53,USER325M,IP..PORT: 66.167.166.156..8996,normal
666,MVSF,USER325M,PREFIX,09.43.05,SYSOP,-WTO4,normal
667,MVSF,CONSOLE,EZZ6034E,09.15.34,USER325M,OPS TRAINING: CRITICAL - COFFEE LEVEL LOW,critical
668,MVSF,USER325M,IEF403I,09.53.18,USER325M,$HASP395 USER325M ENDED - RC=0000,normal
669,MVSF,USER325,PMO388I,09.58.18,OPSS,$HASP395 USER325M ENDED - RC=0000,normal
670,MVSF,USER325,IEF403I,09.27.06,OPSS,OPS TRAINING: NORMAL MSG 2 - JUST CHECKING IN,normal
671,MVSF,OPSS,PREFIX,09.52.37,START1,-WTOR2,normal
672,MVSF,START1,IEF196I,09.10.36,OPSS,OPS TRAINING: NORMAL MSG 2 - JUST CHECKING IN,normal
673,MVSF,PM0,CRIT1000,09.19.23,START1,OPS TRAINING: CRITICAL - USER NEEDS A BREAK,critical
674,MVSF,PM0,IEF285I,09.24.21,USER325M,OPS TRAINING: NORMAL MSG 1 - SYSTEM OK,normal
675,MVSF,USER325,PMO396I,09.47.37,SYSOP,-STEPEND,normal
676,MVSF,CONSOLE,EZZ6034I,09.32.52,SYSOP,$HASP395 USER325M ENDED - RC=0000,normal
677,MVSF,CONSOLE,IEF403I,09.10.37,USER325M,"SE '09.01.46 JOB03273 $HASP165 USER325M ENDED AT MVSF MAXCC=0000',LOGON",normal
678,MVSF,USER325M,IEF285I,09.36.31,OPSS,"SE '09.01.46 JOB03273 $HASP165 USER325M ENDED AT MVSF MAXCC=0000',LOGON",normal
679,MVSF,OPSS,PMO388I,09.52.17,START1,IP..PORT: 66.167.166.156..8996,normal
680,MVSF,USER325,IEF196I,09.28.06,SYSOP,EZZ6034I TN3270 CONN 000585F0 LU MULTIPLE CONN DROP  ERR 4014,normal
681,MVSF,USER325,EZZ6034I,09.17.57,OPSS,$HASP395 USER325M ENDED - RC=0000,normal
682,MVSF,PM0,PMO396I,09.50.43,SYSOP,-STEPEND,normal
683,MVSF,CONSOLE,IEF196I,09.07.32,START1,-WTO1,normal
684,MVSF,CONSOLE,PMO396I,09.01.19,USER325,IP..PORT: 66.167.166.156..8996,normal
685,MVSF,CONSOLE,IEF285I,09.08.32,START1,OPS TRAINING: NORMAL MSG 2 - JUST CHECKING IN,normal
686,MVSF,OPSS,DBSERR01,09.33.41,USER325,OPS TRAINING: CRITICAL - COFFEE LEVEL LOW,critical
687,MVSF,PM0,PMO388I,09.54.01,OPSS,"SE '09.01.46 JOB03273 $HASP165 USER325M ENDED AT MVSF MAXCC=0000',LOGON",normal
688,MVSF,JES2,DBSERR01,09.26.47,OPSS,OPS TRAINING: CRITICAL - COFFEE LEVEL LOW,critical
689,MVSF,OPSS,IEF403I,09.52.26,USER325,$HASP395 USER325M ENDED - RC=0000,normal
690,MVSF,USER325,PREFIX,09.31.27,OPSS,-WTO4,normal
691,MVSF,PM0,PREFIX,09.21.18,USER325M,-WTOR2,normal
692,MVSF,PM0,EZZ6034E,09.20.23,USER325,CRITICAL: DB connection FAILED on DB2 - RETURN CODE 100,critical
693,MVSF,USER325,EZZ6034I,09.43.12,START1,-WTO2,normal
694,MVSF,JES2,IEF403I,09.16.35,OPSS,OPS TRAINING: NORMAL MSG 2 - JUST CHECKING IN,normal
695,MVSF,CONSOLE,EZZ6034I,09.52.37,OPSS,IP..PORT: 66.167.166.156..8996,normal
696,MVSF,OPSS,EZZ6034I,09.24.16,USER325,"SE '09.01.46 JOB03273 $HASP165 USER325M ENDED AT MVSF MAXCC=0000',LOGON",normal
697,MVSF,CONSOLE,DBSERR01,09.38.07,USER325M,ALERT: Disk usage at 95% - action required,critical
698,MVSF,CONSOLE,IEF285I,09.49.27,USER325,OPS TRAINING: NORMAL MSG 1 - SYSTEM OK,normal
699,MVSF,START1,EZZ6034I,09.47.35,START1,IP..PORT: 66.167.166.156..8996,normal
700,MVSF,CONSOLE,IEF403I,09.59.13,SYSOP,"SE '09.01.46 JOB03273 $HASP165 USER325M ENDED AT MVSF MAXCC=0000',LOGON",normal
701,MVSF,USER325M,IEF196I,09.20.11,USER325M,EZZ6034I TN3270 CONN 000585F0 LU MULTIPLE CONN DROP  ERR 4014,normal
702,MVSF,PM0,EZZ6034I,09.12.39,OPSS,EZZ6034I TN3270 CONN 000585F0 LU MULTIPLE CONN DROP  ERR 4014,normal
703,MVSF,PM0,PMO396I,09.04.19,SYSOP,-WTO2,normal
704,MVSF,START1,EZZ6034I,09.19.19,USER325M,IP..PORT: 66.167.166.156..8996,normal
705,MVSF,OPSS,IEF196I,09.57.00,USER325,EZZ6034I TN3270 CONN 000585F0 LU MULTIPLE CONN DROP  ERR 4014,normal
706,MVSF,OPSS,IEF196I,09.02.10,SYSOP,IP..PORT: 66.167.166.156..8996,normal
707,MVSF,OPSS,PMO388I,09.25.00,USER325,EZZ6034I TN3270 CONN 000585F0 LU MULTIPLE CONN DROP  ERR 4014,normal
708,MVSF,USER325M,IEF285I,09.54.40,OPSS,IP..PORT: 66.167.166.156..8996,normal
709,MVSF,JES2,ERR4014,09.42.06,USER325M,CRITICAL: DB connection FAILED on DB2 - RETURN CODE 100,critical
710,MVSF,START1,CRIT1000,09.06.37,OPSS,OPS TRAINING: CRITICAL - COFFEE LEVEL LOW,critical
711,MVSF,START1,IEF285I,09.42.41,USER325,-WTO2,normal
712,MVSF,PM0,EZZ6034I,09.31.18,START1,OPS TRAINING: NORMAL MSG 2 - JUST CHECKING IN,normal
713,MVSF,START1,IEF285I,09.23.02,USER325,EZZ6034I TN3270 CONN 000585F0 LU MULTIPLE CONN DROP  ERR 4014,normal
714,MVSF,JES2,IEF403I,09.25.22,START1,"SE '09.01.46 JOB03273 $HASP165 USER325M ENDED AT MVSF MAXCC=0000',LOGON",normal
715,MVSF,START1,EZZ6034I,09.37.14,USER325,"SE '09.01.46 JOB03273 $HASP165 USER325M ENDED AT MVSF MAXCC=0000',LOGON",normal
716,MVSF,USER325M,EZZ6034I,09.30.32,START1,-STEPEND,normal
717,MVSF,CONSOLE,IEF403I,09.00.26,USER325M,OPS TRAINING: NORMAL MSG 1 - SYSTEM OK,normal
718,MVSF,OPSS,PREFIX,09.52.40,USER325M,-WTO4,normal
719,MVSF,OPSS,PMO396I,09.31.25,USER325M,-WTO1,normal
720,MVSF,CONSOLE,PMO396I,09.55.22,USER325M,-WTO2,normal
721,MVSF,JES2,IEF285I,09.32.56,USER325,OPS TRAINING: NORMAL MSG 2 - JUST CHECKING IN,normal
722,MVSF,OPSS,EZZ6034I,09.49.53,SYSOP,OPS TRAINING: NORMAL MSG 2 - JUST CHECKING IN,normal
723,MVSF,USER325M,CRIT1000,09.59.14,OPSS,CRITICAL: DB connection FAILED on DB2 - RETURN CODE 100,critical
724,MVSF,OPSS,EZZ6034I,09.20.48,SYSOP,OPS TRAINING: NORMAL MSG 1 - SYSTEM OK,normal
725,MVSF,USER325,IEF285I,09.03.26,START1,"SE '09.01.46 JOB03273 $HASP165 USER325M ENDED AT MVSF MAXCC=0000',LOGON",normal
726,MVSF,USER325M,PREFIX,09.19.46,START1,-WTO3,normal
727,MVSF,CONSOLE,PMO388I,09.05.48,START1,OPS TRAINING: NORMAL MSG 1 - SYSTEM OK,normal
728,MVSF,START1,DBSERR01,09.13.31,START1,OPS TRAINING: CRITICAL - USER NEEDS A BREAK,critical
729,MVSF,USER325,PMO396I,09.04.53,USER325M,EZZ6034I TN3270 CONN 000585F0 LU MULTIPLE CONN DROP  ERR 4014,normal
730,MVSF,PM0,PMO396I,09.28.14,START1,OPS TRAINING: NORMAL MSG 2 - JUST CHECKING IN,normal
731,MVSF,USER325,IEF403I,09.23.52,SYSOP,OPS TRAINING: NORMAL MSG 1 - SYSTEM OK,normal
732,MVSF,JES2,DBSERR01,09.15.56,USER325,ALERT: Disk usage at 95% - action required,critical
733,MVSF,PM0,EZZ6034I,09.03.43,USER325,OPS TRAINING: NORMAL MSG 2 - JUST CHECKING IN,normal
734,MVSF,CONSOLE,PREFIX,09.47.21,OPSS,-WTOR1,normal
735,MVSF,USER325,IEF403I,09.37.18,SYSOP,-WTO2,normal
736,MVSF,USER325M,PMO396I,09.39.47,SYSOP,-WTO1,normal
737,MVSF,OPSS,IEF403I,09.31.44,OPSS,-WTO2,normal
738,MVSF,JES2,EZZ6034I,09.07.21,OPSS,-STEPEND,normal
739,MVSF,START1,ERR4014,09.48.26,OPSS,OPS TRAINING: CRITICAL - USER NEEDS A BREAK,critical
740,MVSF,USER325,PMO396I,09.13.34,SYSOP,EZZ6034I TN3270 CONN 000585F0 LU MULTIPLE CONN DROP  ERR 4014,normal
741,MVSF,USER325,EZZ6034I,09.36.08,USER325M,OPS TRAINING: NORMAL MSG 1 - SYSTEM OK,normal
742,MVSF,PM0,IEF285I,09.24.01,USER325M,OPS TRAINING: NORMAL MSG 1 - SYSTEM OK,normal
743,MVSF,PM0,PMO396I,09.17.35,START1,-STEPEND,normal
744,MVSF,USER325,EZZ6034E,09.10.21,USER325M,ERROR: Job STEP1 ABEND RC=16 - URGENT,critical
745,MVSF,USER325M,IEF196I,09.16.24,SYSOP,$HASP395 USER325M ENDED - RC=0000,normal
746,MVSF,START1,PREFIX,09.08.59,USER325,-WTOR1,normal
747,MVSF,CONSOLE,EZZ6034I,09.47.00,SYSOP,-WTO2,normal
748,MVSF,OPSS,IEF285I,09.38.02,SYSOP,-WTO1,normal
749,MVSF,JES2,IEF403I,09.21.45,START1,-WTO1,normal
750,MVSF,JES2,EZZ6034I,09.12.49,OPSS,-STEPEND,normal
751,MVSF,START1,PMO396I,09.15.51,USER325,-STEPEND,normal
752,MVSF,START1,EZZ6034I,09.57.45,SYSOP,IP..PORT: 66.167.166.156..8996,normal
753,MVSF,USER325M,IEF285I,09.09.23,USER325,$HASP395 USER325M ENDED - RC=0000,normal
754,MVSF,USER325,IEF196I,09.50.40,USER325,-STEPEND,normal
755,MVSF,JES2,PMO388I,09.31.14,USER325,IP..PORT: 66.167.166.156..8996,normal
756,MVSF,START1,ERR4014,09.50.41,SYSOP,CRITICAL: DB connection FAILED on DB2 - RETURN CODE 100,critical
757,MVSF,USER325M,EZZ6034I,09.31.11,OPSS,OPS TRAINING: NORMAL MSG 1 - SYSTEM OK,normal
758,MVSF,START1,PMO396I,09.26.26,SYSOP,$HASP395 USER325M ENDED - RC=0000,normal
759,MVSF,USER325M,PREFIX,09.27.10,USER325M,-WTO4,normal
760,MVSF,START1,IEF285I,09.03.43,SYSOP,$HASP395 USER325M ENDED - RC=0000,normal
761,MVSF,PM0,EZZ6034I,09.34.10,OPSS,IP..PORT: 66.167.166.156..8996,normal
762,MVSF,USER325M,EZZ6034I,09.28.13,USER325M,EZZ6034I TN3270 CONN 000585F0 LU MULTIPLE CONN DROP  ERR 4014,normal
763,MVSF,OPSS,PMO396I,09.17.04,USER325M,-WTO2,normal
764,MVSF,OPSS,PREFIX,09.07.47,START1,-WTO4,normal
765,MVSF,USER325M,EZZ6034I,09.37.34,START1,$HASP395 USER325M ENDED - RC=0000,normal
766,MVSF,JES2,IEF403I,09.09.52,USER325,-WTO1,normal
767,MVSF,CONSOLE,EZZ6034E,09.49.50,START1,ALERT: Disk usage at 95% - action required,critical
768,MVSF,START1,IEF285I,09.52.15,USER325M,-WTO2,normal
769,MVSF,START1,PMO388I,09.33.41,USER325,EZZ6034I TN3270 CONN 000585F0 LU MULTIPLE CONN DROP  ERR 4014,normal
770,MVSF,USER325M,EZZ6034I,09.30.09,OPSS,IP..PORT: 66.167.166.156..8996,normal
771,MVSF,OPSS,PMO396I,09.12.37,USER325,-STEPEND,normal
772,MVSF,CONSOLE,IEF285I,09.05.59,OPSS,OPS TRAINING: NORMAL MSG 1 - SYSTEM OK,normal
773,MVSF,START1,IEF285I,09.45.07,SYSOP,-WTO1,normal
774,MVSF,OPSS,PMO388I,09.52.27,USER325M,"SE '09.01.46 JOB03273 $HASP165 USER325M ENDED AT MVSF MAXCC=0000',LOGON",normal
775,MVSF,CONSOLE,EZZ6034E,09.32.08,USER325,ALERT: Disk usage at 95% - action required,critical
776,MVSF,START1,CRIT1000,09.14.19,USER325,ERROR: Job STEP1 ABEND RC=16 - URGENT,critical
777,MVSF,USER325M,EZZ6034I,09.49.25,SYSOP,EZZ6034I TN3270 CONN 000585F0 LU MULTIPLE CONN DROP  ERR 4014,normal
778,MVSF,START1,PREFIX,09.57.52,USER325M,-WTOR1,normal
779,MVSF,START1,PMO396I,09.38.24,START1,"SE '09.01.46 JOB03273 $HASP165 USER325M ENDED AT MVSF MAXCC=0000',LOGON",normal
780,MVSF,PM0,PMO388I,09.19.49,USER325,-WTO1,normal
781,MVSF,JES2,EZZ6034I,09.42.00,START1,OPS TRAINING: NORMAL MSG 2 - JUST CHECKING IN,normal
782,MVSF,OPSS,IEF403I,09.43.43,USER325,"SE '09.01.46 JOB03273 $HASP165 USER325M ENDED AT MVSF MAXCC=0000',LOGON",normal
783,MVSF,START1,IEF196I,09.37.32,USER325M,-STEPEND,normal
784,MVSF,PM0,IEF403I,09.38.50,SYSOP,"SE '09.01.46 JOB03273 $HASP165 USER325M ENDED AT MVSF MAXCC=0000',LOGON",normal
785,MVSF,PM0,DBSERR01,09.32.42,START1,CRITICAL: DB connection FAILED on DB2 - RETURN CODE 100,critical
786,MVSF,JES2,PMO388I,09.36.39,USER325M,-WTO1,normal
787,MVSF,START1,EZZ6034E,09.49.29,USER325M,ERROR: Job STEP1 ABEND RC=16 - URGENT,critical
788,MVSF,OPSS,PMO396I,09.10.11,USER325M,"SE '09.01.46 JOB03273 $HASP165 USER325M ENDED AT MVSF MAXCC=0000',LOGON",normal
789,MVSF,START1,PMO388I,09.41.20,START1,EZZ6034I TN3270 CONN 000585F0 LU MULTIPLE CONN DROP  ERR 4014,normal
790,MVSF,CONSOLE,IEF403I,09.28.15,OPSS,"SE '09.01.46 JOB03273 $HASP165 USER325M ENDED AT MVSF MAXCC=0000',LOGON",normal
791,MVSF,START1,PMO388I,09.20.38,USER325,-STEPEND,normal
792,MVSF,START1,DBSERR01,09.01.42,START1,OPS TRAINING: CRITICAL - COFFEE LEVEL LOW,critical
793,MVSF,CONSOLE,PREFIX,09.33.00,SYSOP,-WTO4,normal
794,MVSF,USER325,IEF196I,09.49.27,OPSS,EZZ6034I TN3270 CONN 000585F0 LU MULTIPLE CONN DROP  ERR 4014,normal
795,MVSF,OPSS,EZZ6034E,09.46.54,SYSOP,OPS TRAINING: CRITICAL - COFFEE LEVEL LOW,critical
796,MVSF,OPSS,IEF196I,09.39.25,USER325M,OPS TRAINING: NORMAL MSG 2 - JUST CHECKING IN,normal
797,MVSF,CONSOLE,IEF285I,09.36.20,USER325M,-WTO2,normal
798,MVSF,CONSOLE,IEF403I,09.07.48,OPSS,-WTO1,normal
799,MVSF,START1,IEF196I,09.21.44,USER325M,-WTO2,normal
800,MVSF,USER325,CRIT1000,09.04.51,USER325M,ERROR: Job STEP1 ABEND RC=16 - URGENT,critical
